USE ITInventoryDB;
--USE ITInventory;
GO

-- DELETE ALL FROM ALL TABLES (except AuthIDServer)
DELETE FROM [HardwareHistory];
DELETE FROM [ProgramHistory];
DELETE FROM [Computer];
DELETE FROM [Monitor];
DELETE FROM [Peripheral];
DELETE FROM [Server];
DELETE FROM [Plugins];
DELETE FROM [Program];
DELETE FROM [Employee];
DELETE FROM [Department];

SET IDENTITY_INSERT [Department] ON 

INSERT [Department] ([DepartmentID], [DefaultHardware], [DefaultPrograms], [DepartmentName], [IsDeleted]) VALUES (8, N'{"DefaultHardware":["Mouse", "Keyboard", "Monitor"]}', N'{"license":["Sketch","Bitbucket User", "Jira Software"],"software":["Confluence User","Parallels (Business Edition)"]}', N'IT', 0)
INSERT [Department] ([DepartmentID], [DefaultHardware], [DefaultPrograms], [DepartmentName], [IsDeleted]) VALUES (13, N'{"DefaultHardware":["Mouse", "Keyboard", "Monitor"]}', N'{"license":["Sketch","Bitbucket User", "Jira Software"],"software":["Confluence User","Parallels (Business Edition)"]}', N'Developer', 0)
INSERT [Department] ([DepartmentID], [DefaultHardware], [DefaultPrograms], [DepartmentName], [IsDeleted]) VALUES (14, N'{"DefaultHardware":["Mouse", "Keyboard", "Monitor"]}', N'{"license":["Sketch","Bitbucket User", "Jira Software"],"software":["Confluence User","Parallels (Business Edition)"]}', N'Design', 0)
INSERT [Department] ([DepartmentID], [DefaultHardware], [DefaultPrograms], [DepartmentName], [IsDeleted]) VALUES (15, N'{"DefaultHardware":["Mouse", "Keyboard", "Monitor"]}', N'{"license":["Sketch","Bitbucket User", "Jira Software"],"software":["Confluence User","Parallels (Business Edition)"]}', N'Project Manager', 0)
INSERT [Department] ([DepartmentID], [DefaultHardware], [DefaultPrograms], [DepartmentName], [IsDeleted]) VALUES (16, N'CQL', N'CQL', N'Utilities', 0)
INSERT [Department] ([DepartmentID], [DefaultHardware], [DefaultPrograms], [DepartmentName], [IsDeleted]) VALUES (17, N'{"DefaultHardware":["Mouse", "Keyboard", "Monitor"]}', N'{"license":["Sketch","Bitbucket User", "Jira Software"],"software":["Confluence User","Parallels (Business Edition)"]}', N'Sales', 0)
INSERT [Department] ([DepartmentID], [DefaultHardware], [DefaultPrograms], [DepartmentName], [IsDeleted]) VALUES (20, N'{"DefaultHardware":["Mouse", "Keyboard", "Monitor"]}', N'{"license":["Sketch","Bitbucket User", "Jira Software"],"software":["Confluence User","Parallels (Business Edition)"]}', N'DevOps', 0)
INSERT [Department] ([DepartmentID], [DefaultHardware], [DefaultPrograms], [DepartmentName], [IsDeleted]) VALUES (22, N'{"DefaultHardware":["Mouse", "Keyboard", "Monitor"]}', N'{"license":["Sketch","Bitbucket User", "Jira Software"],"software":["Confluence User","Parallels (Business Edition)"]}', N'Depreciated Department', 1)
INSERT [Department] ([DepartmentID], [DefaultHardware], [DefaultPrograms], [DepartmentName], [IsDeleted]) VALUES (23, N'{"DefaultHardware":["Mouse", "Keyboard", "Monitor"]}', N'{"license":["Sketch","Bitbucket User", "Jira Software"],"software":["Confluence User","Parallels (Business Edition)"]}', N'Admin', 0)
INSERT [Department] ([DepartmentID], [DefaultHardware], [DefaultPrograms], [DepartmentName], [IsDeleted]) VALUES (24, N'', N'', N'Unassigned', 0)

SET IDENTITY_INSERT [Department] OFF

SET IDENTITY_INSERT [Employee] ON 

INSERT [Employee] ([EmployeeID], [HireDate], [DepartmentID], [IsDeleted], [FirstName], [LastName], [Email], [Role], [ADGUID]) VALUES (1, CAST(N'2012-05-05' AS Date), 8, 0, N'Dan', N'TheMan', N'dan.theman@email.com', N'Admin', N'811cbf54-2913-4ffc-8f33-6418ddb4e06d')
INSERT [Employee] ([EmployeeID], [HireDate], [DepartmentID], [IsDeleted], [FirstName], [LastName], [Email], [Role], [ADGUID]) VALUES (2, CAST(N'2013-05-05' AS Date), 13, 0, N'Mike', N'Leo', N'mark.leo@email.com', N'Developer', N'783c44bd-2639-4f34-b034-c83fbf457363')
INSERT [Employee] ([EmployeeID], [HireDate], [DepartmentID], [IsDeleted], [FirstName], [LastName], [Email], [Role], [ADGUID]) VALUES (3, CAST(N'2010-02-02' AS Date), 13, 1, N'Steve', N'Jobs', N'steve.jobs@email.com', N'Developer', N'783c44bd-2639-4f34-b034-c83fbf457363')
INSERT [Employee] ([EmployeeID], [HireDate], [DepartmentID], [IsDeleted], [FirstName], [LastName], [Email], [Role], [ADGUID]) VALUES (4, CAST(N'2016-02-04' AS Date), 13, 1, N'John', N'Doe', N'email.com', N'Developer', N'783c44bd-2639-4f34-b034-c83fbf457363')
INSERT [Employee] ([EmployeeID], [HireDate], [DepartmentID], [IsDeleted], [FirstName], [LastName], [Email], [Role], [ADGUID]) VALUES (5, CAST(N'2018-01-01' AS Date), 14, 1, N'Jack', N'Black', N'email.com', N'Designer', N'783c44bd-2639-4f34-b034-c83fbf457363')
INSERT [Employee] ([EmployeeID], [HireDate], [DepartmentID], [IsDeleted], [FirstName], [LastName], [Email], [Role], [ADGUID]) VALUES (6, CAST(N'2012-12-14' AS Date), 14, 1, N'Jill', N'Doe', N'email.com', N'Designer', N'783c44bd-2639-4f34-b034-c83fbf457363')
INSERT [Employee] ([EmployeeID], [HireDate], [DepartmentID], [IsDeleted], [FirstName], [LastName], [Email], [Role], [ADGUID]) VALUES (8, CAST(N'2014-12-12' AS Date), 15, 1, N'Wayne', N'Rooney', N'email.com', N'Project Manager', N'783c44bd-2639-4f34-b034-c83fbf457363')
INSERT [Employee] ([EmployeeID], [HireDate], [DepartmentID], [IsDeleted], [FirstName], [LastName], [Email], [Role], [ADGUID]) VALUES (9, CAST(N'2006-12-13' AS Date), 15, 1, N'Jemima', N'Puddleduck', N'email.com', N'Project Manager', N'783c44bd-2639-4f34-b034-c83fbf457363')
INSERT [Employee] ([EmployeeID], [HireDate], [DepartmentID], [IsDeleted], [FirstName], [LastName], [Email], [Role], [ADGUID]) VALUES (10, CAST(N'2019-05-05' AS Date), 16, 0, N'CQL', N'CQL', N'CQL', N'CQL', N'783c44bd-2639-4f34-b034-c83fbf457363')
INSERT [Employee] ([EmployeeID], [HireDate], [DepartmentID], [IsDeleted], [FirstName], [LastName], [Email], [Role], [ADGUID]) VALUES (11, CAST(N'2019-06-07' AS Date), 13, 0, N'Charlie', N'Kornhole', N'charlie.kornhole@email.com', N'Developer', N'23ac81e4-fcec-4eb8-9922-c4f54c244021')
INSERT [Employee] ([EmployeeID], [HireDate], [DepartmentID], [IsDeleted], [FirstName], [LastName], [Email], [Role], [ADGUID]) VALUES (13, CAST(N'2019-05-05' AS Date), 13, 0, N'Joseph', N'Bull', N'joseph.bull@email.com', N'Developer', N'5a852b7c-809c-4921-8675-df2e92fde094')
INSERT [Employee] ([EmployeeID], [HireDate], [DepartmentID], [IsDeleted], [FirstName], [LastName], [Email], [Role], [ADGUID]) VALUES (15, CAST(N'2000-01-02' AS Date), 23, 0, N'Doug', N'VK', N'doug.vk@email.com', N'CTO', N'783c44bd-2639-4f34-b034-c83fbf457363')
INSERT [Employee] ([EmployeeID], [HireDate], [DepartmentID], [IsDeleted], [FirstName], [LastName], [Email], [Role], [ADGUID]) VALUES (17, CAST(N'1999-02-28' AS Date), 20, 0, N'Jul', N'Cans', N'jul.cans@email.com', N'DevOps', N'783c44bd-2639-4f34-b034-c83fbf457363')
INSERT [Employee] ([EmployeeID], [HireDate], [DepartmentID], [IsDeleted], [FirstName], [LastName], [Email], [Role], [ADGUID]) VALUES (18, CAST(N'2003-06-12' AS Date), 14, 0, N'B-B', N'Knap', N'bb.knap@email.com', N'Designer', N'783c44bd-2639-4f34-b034-c83fbf457363')
INSERT [Employee] ([EmployeeID], [HireDate], [DepartmentID], [IsDeleted], [FirstName], [LastName], [Email], [Role], [ADGUID]) VALUES (19, CAST(N'2001-04-18' AS Date), 17, 0, N'Aubs', N'Baking', N'aubs.baking@email.com', N'Sales', N'783c44bd-2639-4f34-b034-c83fbf457363')
INSERT [Employee] ([EmployeeID], [HireDate], [DepartmentID], [IsDeleted], [FirstName], [LastName], [Email], [Role], [ADGUID]) VALUES (20, CAST(N'2000-02-27' AS Date), 15, 0, N'Bobby', N'Kay', N'bobby.kay@email.com', N'Project Manager', N'783c44bd-2639-4f34-b034-c83fbf457363')
INSERT [Employee] ([EmployeeID], [HireDate], [DepartmentID], [IsDeleted], [FirstName], [LastName], [Email], [Role], [ADGUID]) VALUES (21, CAST(N'1998-09-20' AS Date), 13, 0, N'Joel', N'DeCoolest', N'joel.decollest@email.com', N'Developer', N'783c44bd-2639-4f34-b034-c83fbf457363')
INSERT [Employee] ([EmployeeID], [HireDate], [DepartmentID], [IsDeleted], [FirstName], [LastName], [Email], [Role], [ADGUID]) VALUES (22, CAST(N'1987-11-16' AS Date), 23, 0, N'Mark', N'Ladder', N'mark.ladder@email.com', N'Admin', N'783c44bd-2639-4f34-b034-c83fbf457363')
INSERT [Employee] ([EmployeeID], [HireDate], [DepartmentID], [IsDeleted], [FirstName], [LastName], [Email], [Role], [ADGUID]) VALUES (23, CAST(N'1967-01-04' AS Date), 13, 0, N'Chad', N'Fish', N'chad.fish@email.com', N'Developer', N'783c44bd-2639-4f34-b034-c83fbf457363')
INSERT [Employee] ([EmployeeID], [HireDate], [DepartmentID], [IsDeleted], [FirstName], [LastName], [Email], [Role], [ADGUID]) VALUES (24, CAST(N'2004-05-22' AS Date), 13, 0, N'Tim', N'Timmer', N'tim.timmer@email.com', N'Developer', N'783c44bd-2639-4f34-b034-c83fbf457363')
INSERT [Employee] ([EmployeeID], [HireDate], [DepartmentID], [IsDeleted], [FirstName], [LastName], [Email], [Role], [ADGUID]) VALUES (25, CAST(N'2003-05-14' AS Date), 13, 0, N'Mike', N'Elder', N'mike.elder@email.com', N'Developer', N'783c44bd-2639-4f34-b034-c83fbf457363')
INSERT [Employee] ([EmployeeID], [HireDate], [DepartmentID], [IsDeleted], [FirstName], [LastName], [Email], [Role], [ADGUID]) VALUES (26, CAST(N'2001-06-09' AS Date), 13, 0, N'Des', N'Nes', N'des.nes@email.com', N'Developer', N'783c44bd-2639-4f34-b034-c83fbf457363')
INSERT [Employee] ([EmployeeID], [HireDate], [DepartmentID], [IsDeleted], [FirstName], [LastName], [Email], [Role], [ADGUID]) VALUES (27, CAST(N'2006-12-12' AS Date), 15, 0, N'Laura', N'Sull', N'laura.sull@email.com', N'Project Manager', N'783c44bd-2639-4f34-b034-c83fbf457363')
INSERT [Employee] ([EmployeeID], [HireDate], [DepartmentID], [IsDeleted], [FirstName], [LastName], [Email], [Role], [ADGUID]) VALUES (28, CAST(N'2008-12-25' AS Date), 13, 0, N'Chris', N'Christmas', N'chris.christmas@email.com', N'Christmas Developer', N'783c44bd-2639-4f34-b034-c83fbf457363')
INSERT [Employee] ([EmployeeID], [HireDate], [DepartmentID], [IsDeleted], [FirstName], [LastName], [Email], [Role], [ADGUID]) VALUES (29, CAST(N'2009-11-20' AS Date), 14, 0, N'Rob', N'Hob', N'rob.hob@email.com', N'Designer', N'783c44bd-2639-4f34-b034-c83fbf457363')
INSERT [Employee] ([EmployeeID], [HireDate], [DepartmentID], [IsDeleted], [FirstName], [LastName], [Email], [Role], [ADGUID]) VALUES (30, CAST(N'2010-10-10' AS Date), 23, 0, N'Jen', N'Spinich', N'jen.spinich@email.com', N'Human Resources', N'783c44bd-2639-4f34-b034-c83fbf457363')
INSERT [Employee] ([EmployeeID], [HireDate], [DepartmentID], [IsDeleted], [FirstName], [LastName], [Email], [Role], [ADGUID]) VALUES (31, CAST(N'2011-08-09' AS Date), 13, 0, N'DJ', N'CJ', N'dj.cj@email.com', N'Developer', N'783c44bd-2639-4f34-b034-c83fbf457363')
INSERT [Employee] ([EmployeeID], [HireDate], [DepartmentID], [IsDeleted], [FirstName], [LastName], [Email], [Role], [ADGUID]) VALUES (32, CAST(N'2013-07-08' AS Date), 13, 0, N'Mar', N'Low', N'mar.low@email.com', N'Developer', N'783c44bd-2639-4f34-b034-c83fbf457363')
INSERT [Employee] ([EmployeeID], [HireDate], [DepartmentID], [IsDeleted], [FirstName], [LastName], [Email], [Role], [ADGUID]) VALUES (33, CAST(N'2018-02-10' AS Date), 13, 0, N'Eric', N'PJ', N'eric.pj@email.com', N'Developer', N'783c44bd-2639-4f34-b034-c83fbf457363')
INSERT [Employee] ([EmployeeID], [HireDate], [DepartmentID], [IsDeleted], [FirstName], [LastName], [Email], [Role], [ADGUID]) VALUES (34, CAST(N'2018-02-10' AS Date), 13, 0, N'Kirstin', N'Burns', N'KB@email.com', N'Developer', N'634b20bc-ce4f-4f5a-aa6d-5877e34ed907')
INSERT [Employee] ([EmployeeID], [HireDate], [DepartmentID], [IsDeleted], [FirstName], [LastName], [Email], [Role], [ADGUID]) VALUES (35, CAST(N'2018-02-10' AS Date), 13, 0, N'Alex', N'McDowell', N'AM@email.com', N'Developer', N'e0d974ab-8654-456a-afec-2ff4e501d690')
INSERT [Employee] ([EmployeeID], [HireDate], [DepartmentID], [IsDeleted], [FirstName], [LastName], [Email], [Role], [ADGUID]) VALUES (36, CAST(N'2018-02-10' AS Date), 13, 0, N'Seiarra', N'Schrum', N'SS@email.com', N'Designer', N'96e25e8f-54e7-4af5-8739-a4fcc7b16a2e')
SET IDENTITY_INSERT [Employee] OFF
SET IDENTITY_INSERT [Computer] ON 

INSERT [Computer] ([ComputerID], [CPU], [RAMGB], [SSDGB], [PurchaseDate], [RenewalDate], [FlatCost], [MonitorOutput], [EndOfLife], [EmployeeID], [IsAssigned], [TextField], [ScreenSize], [CostPerYear], [IsDeleted], [Resolution], [MFG], [Make], [Model], [FQDN], [Location], [SerialNumber]) VALUES (1, N'i74790', 16, 500, CAST(N'2012-02-02' AS Date), CAST(N'2012-02-02' AS Date), 450.0000, N'HDMI', CAST(N'2022-02-02' AS Date), 3, 1, NULL, CAST(13.00 AS Decimal(9, 2)), NULL, 0, 1, NULL, N'Apple', N'Mac Book', NULL, N'GR', N'1212524-234566-23')
INSERT [Computer] ([ComputerID], [CPU], [RAMGB], [SSDGB], [PurchaseDate], [RenewalDate], [FlatCost], [MonitorOutput], [EndOfLife], [EmployeeID], [IsAssigned], [TextField], [ScreenSize], [CostPerYear], [IsDeleted], [Resolution], [MFG], [Make], [Model], [FQDN], [Location], [SerialNumber]) VALUES (2, N'i99999', 32, 1000, CAST(N'2019-02-02' AS Date), CAST(N'2022-02-02' AS Date), 950.0000, N'HDMI', CAST(N'2024-02-02' AS Date), 4, 1, NULL, CAST(15.00 AS Decimal(9, 2)), NULL, 0, 2, NULL, N'Dell', N'Desktop', NULL, N'GR', N'1212524-234566-23')
INSERT [Computer] ([ComputerID], [CPU], [RAMGB], [SSDGB], [PurchaseDate], [RenewalDate], [FlatCost], [MonitorOutput], [EndOfLife], [EmployeeID], [IsAssigned], [TextField], [ScreenSize], [CostPerYear], [IsDeleted], [Resolution], [MFG], [Make], [Model], [FQDN], [Location], [SerialNumber]) VALUES (3, N'i99999', 16, 1200, CAST(N'2019-02-02' AS Date), CAST(N'2022-02-02' AS Date), 950.0000, N'HDMI, VGA', CAST(N'2025-02-02' AS Date), NULL, 0, NULL, NULL, NULL, 0, NULL, NULL, N'Dell', N'Desktop', NULL, N'GR', N'1212524-234566-23')
INSERT [Computer] ([ComputerID], [CPU], [RAMGB], [SSDGB], [PurchaseDate], [RenewalDate], [FlatCost], [MonitorOutput], [EndOfLife], [EmployeeID], [IsAssigned], [TextField], [ScreenSize], [CostPerYear], [IsDeleted], [Resolution], [MFG], [Make], [Model], [FQDN], [Location], [SerialNumber]) VALUES (4, N'i77777', 16, 2000, CAST(N'2014-02-02' AS Date), CAST(N'2015-02-02' AS Date), 800.0000, N'DVI', CAST(N'2020-02-02' AS Date), 5, 1, NULL, NULL, NULL, 0, NULL, NULL, N'Apple', N'Trash Can', NULL, N'GR', N'1212524-234566-23')
INSERT [Computer] ([ComputerID], [CPU], [RAMGB], [SSDGB], [PurchaseDate], [RenewalDate], [FlatCost], [MonitorOutput], [EndOfLife], [EmployeeID], [IsAssigned], [TextField], [ScreenSize], [CostPerYear], [IsDeleted], [Resolution], [MFG], [Make], [Model], [FQDN], [Location], [SerialNumber]) VALUES (6, N'17777', 16, 1000, CAST(N'2019-06-02' AS Date), CAST(N'2019-10-10' AS Date), 850.0000, N'DVI, HDMI', CAST(N'2022-03-06' AS Date), 5, 1, NULL, NULL, NULL, 0, 2, NULL, N'Apple', N'Mac Book Pro', NULL, N'AA', N'1212524-234566-23')
INSERT [Computer] ([ComputerID], [CPU], [RAMGB], [SSDGB], [PurchaseDate], [RenewalDate], [FlatCost], [MonitorOutput], [EndOfLife], [EmployeeID], [IsAssigned], [TextField], [ScreenSize], [CostPerYear], [IsDeleted], [Resolution], [MFG], [Make], [Model], [FQDN], [Location], [SerialNumber]) VALUES (7, N'i99990', 32, 2000, CAST(N'2019-04-04' AS Date), CAST(N'2020-10-10' AS Date), 1000.0000, N'HMDI', CAST(N'2020-03-03' AS Date), 2, 1, NULL, CAST(15.00 AS Decimal(9, 2)), NULL, 0, 1, NULL, N'Dell', N'Desktop', NULL, N'AA', N'1212524-234566-23')
INSERT [Computer] ([ComputerID], [CPU], [RAMGB], [SSDGB], [PurchaseDate], [RenewalDate], [FlatCost], [MonitorOutput], [EndOfLife], [EmployeeID], [IsAssigned], [TextField], [ScreenSize], [CostPerYear], [IsDeleted], [Resolution], [MFG], [Make], [Model], [FQDN], [Location], [SerialNumber]) VALUES (9, N'i77770', 16, 1000, CAST(N'2019-06-06' AS Date), CAST(N'2025-10-10' AS Date), 1500.0000, N'Display Port', CAST(N'2020-03-03' AS Date), NULL, 0, NULL, CAST(13.00 AS Decimal(9, 2)), NULL, 1, 1, NULL, N'Apple', N'Mac Book', NULL, N'AA', N'1212524-234566-23')
SET IDENTITY_INSERT [Computer] OFF
SET IDENTITY_INSERT [HardwareHistory] ON 

INSERT [HardwareHistory] ([HardwareHistoryID], [EmployeeId], [HardwareType], [HardwareID], [EventType], [EventDate]) VALUES (1, 3, N'Computer', 1, N'Unassigned', CAST(N'1904-12-06T00:00:00.000' AS DateTime))
INSERT [HardwareHistory] ([HardwareHistoryID], [EmployeeId], [HardwareType], [HardwareID], [EventType], [EventDate]) VALUES (2, 4, N'Computer', 2, N'Unassigned', CAST(N'1904-08-06T00:00:00.000' AS DateTime))
INSERT [HardwareHistory] ([HardwareHistoryID], [EmployeeId], [HardwareType], [HardwareID], [EventType], [EventDate]) VALUES (3, 3, N'Computer', 2, N'Assigned', CAST(N'1904-09-06T00:00:00.000' AS DateTime))
INSERT [HardwareHistory] ([HardwareHistoryID], [EmployeeId], [HardwareType], [HardwareID], [EventType], [EventDate]) VALUES (4, 4, N'Monitor', 2, N'Assigned', CAST(N'1904-12-06T00:00:00.000' AS DateTime))
INSERT [HardwareHistory] ([HardwareHistoryID], [EmployeeId], [HardwareType], [HardwareID], [EventType], [EventDate]) VALUES (5, 2, N'Monitor', 3, N'Assigned', CAST(N'1904-12-04T00:00:00.000' AS DateTime))
INSERT [HardwareHistory] ([HardwareHistoryID], [EmployeeId], [HardwareType], [HardwareID], [EventType], [EventDate]) VALUES (6, 2, N'Peripheral', 3, N'Assigned', CAST(N'1904-12-06T00:00:00.000' AS DateTime))
SET IDENTITY_INSERT [HardwareHistory] OFF
SET IDENTITY_INSERT [Monitor] ON 

INSERT [Monitor] ([MonitorID], [Make], [Model], [Resolution], [Inputs], [EmployeeID], [IsAssigned], [TextField], [PurchaseDate], [FlatCost], [CostPerYear], [IsDeleted], [ScreenSize], [MFG], [RenewalDate], [Location], [SerialNumber]) VALUES (1, N'Dell', N'2017', 1, N'HDMI, VGA', NULL, 0, NULL, CAST(N'2014-02-02' AS Date), 150.0000, NULL, 0, 17, N'Tag', CAST(N'2016-02-02' AS Date), N'GR', N'5734657-3457-864')
INSERT [Monitor] ([MonitorID], [Make], [Model], [Resolution], [Inputs], [EmployeeID], [IsAssigned], [TextField], [PurchaseDate], [FlatCost], [CostPerYear], [IsDeleted], [ScreenSize], [MFG], [RenewalDate], [Location], [SerialNumber]) VALUES (2, N'Dell', N'2012', 1, N'HDMI', 4, 1, NULL, CAST(N'2015-02-02' AS Date), 200.0000, NULL, 0, 15, N'Tag', CAST(N'2016-02-02' AS Date), N'GR', N'5734657-3457-864')
INSERT [Monitor] ([MonitorID], [Make], [Model], [Resolution], [Inputs], [EmployeeID], [IsAssigned], [TextField], [PurchaseDate], [FlatCost], [CostPerYear], [IsDeleted], [ScreenSize], [MFG], [RenewalDate], [Location], [SerialNumber]) VALUES (3, N'Dell', N'2019', 2, N'HDMI', 2, 1, NULL, CAST(N'2019-02-02' AS Date), 350.0000, NULL, 0, 24, N'Tag', CAST(N'2020-02-02' AS Date), N'GR', N'5734657-3457-864')
INSERT [Monitor] ([MonitorID], [Make], [Model], [Resolution], [Inputs], [EmployeeID], [IsAssigned], [TextField], [PurchaseDate], [FlatCost], [CostPerYear], [IsDeleted], [ScreenSize], [MFG], [RenewalDate], [Location], [SerialNumber]) VALUES (4, N'Asus', N'2020', 2, N'Display Port, HMDI', 5, 1, NULL, CAST(N'2019-06-06' AS Date), 450.0000, NULL, 0, 26, N'Tag', CAST(N'2020-06-06' AS Date), N'GR', N'5734657-3457-864')
INSERT [Monitor] ([MonitorID], [Make], [Model], [Resolution], [Inputs], [EmployeeID], [IsAssigned], [TextField], [PurchaseDate], [FlatCost], [CostPerYear], [IsDeleted], [ScreenSize], [MFG], [RenewalDate], [Location], [SerialNumber]) VALUES (5, N'Samsung', N'2016', 1, N'HDMI, VGA', NULL, 0, NULL, CAST(N'2016-02-02' AS Date), 150.0000, NULL, 0, 24, N'Tag', CAST(N'2019-02-02' AS Date), N'GR', N'5734657-3457-864')
INSERT [Monitor] ([MonitorID], [Make], [Model], [Resolution], [Inputs], [EmployeeID], [IsAssigned], [TextField], [PurchaseDate], [FlatCost], [CostPerYear], [IsDeleted], [ScreenSize], [MFG], [RenewalDate], [Location], [SerialNumber]) VALUES (6, N'Samsung', N'2018', 1, N'Display Port, HMDI', 9, 1, NULL, CAST(N'2018-05-05' AS Date), 150.0000, NULL, 0, 22, N'Tag', CAST(N'2021-05-05' AS Date), N'AA', N'5734657-3457-864')
INSERT [Monitor] ([MonitorID], [Make], [Model], [Resolution], [Inputs], [EmployeeID], [IsAssigned], [TextField], [PurchaseDate], [FlatCost], [CostPerYear], [IsDeleted], [ScreenSize], [MFG], [RenewalDate], [Location], [SerialNumber]) VALUES (7, N'Samsung', N'2017', 2, N'HDMI', 6, 1, NULL, CAST(N'2017-02-02' AS Date), 200.0000, NULL, 0, 22, N'Tag', CAST(N'2018-02-02' AS Date), N'AA', N'5734657-3457-864')
INSERT [Monitor] ([MonitorID], [Make], [Model], [Resolution], [Inputs], [EmployeeID], [IsAssigned], [TextField], [PurchaseDate], [FlatCost], [CostPerYear], [IsDeleted], [ScreenSize], [MFG], [RenewalDate], [Location], [SerialNumber]) VALUES (9, N'Panasonic', N'2010', 1, N'DVI', 4, 1, NULL, CAST(N'2010-02-02' AS Date), 120.0000, NULL, 1, 16, N'Tag', CAST(N'2011-02-02' AS Date), N'AA', N'5734657-3457-864')
INSERT [Monitor] ([MonitorID], [Make], [Model], [Resolution], [Inputs], [EmployeeID], [IsAssigned], [TextField], [PurchaseDate], [FlatCost], [CostPerYear], [IsDeleted], [ScreenSize], [MFG], [RenewalDate], [Location], [SerialNumber]) VALUES (10, N'Benq', N'2017', 1, N'Display Port, HDMI, VGA', 3, 1, NULL, CAST(N'2017-02-02' AS Date), 200.0000, NULL, 0, 24, N'Tag', CAST(N'2020-02-02' AS Date), N'AA', N'5734657-3457-864')
INSERT [Monitor] ([MonitorID], [Make], [Model], [Resolution], [Inputs], [EmployeeID], [IsAssigned], [TextField], [PurchaseDate], [FlatCost], [CostPerYear], [IsDeleted], [ScreenSize], [MFG], [RenewalDate], [Location], [SerialNumber]) VALUES (11, N'Benq', N'2020', 2, N'Display Port', 5, 1, NULL, CAST(N'2020-02-02' AS Date), 180.0000, NULL, 1, 24, N'Tag', CAST(N'2021-02-02' AS Date), N'AA', N'5734657-3457-864')
SET IDENTITY_INSERT [Monitor] OFF
SET IDENTITY_INSERT [Peripheral] ON 

INSERT [Peripheral] ([PeripheralID], [PeripheralName], [PeripheralType], [TextField], [EmployeeID], [IsAssigned], [FlatCost], [PurchaseDate], [CostPerYear], [IsDeleted], [MFG], [Location], [RenewalDate], [SerialNumber]) VALUES (1, N'Mouse', N'Mouse', NULL, NULL, 0, 20.0000, CAST(N'2010-02-02' AS Date), NULL, 0, N'tag', N'GR', CAST(N'2016-02-02' AS Date), N'846568-45623-7465')
INSERT [Peripheral] ([PeripheralID], [PeripheralName], [PeripheralType], [TextField], [EmployeeID], [IsAssigned], [FlatCost], [PurchaseDate], [CostPerYear], [IsDeleted], [MFG], [Location], [RenewalDate], [SerialNumber]) VALUES (3, N'Logitech', N'Mouse', NULL, 2, 1, 25.0000, CAST(N'2017-02-02' AS Date), NULL, 0, N'tag', N'GR', CAST(N'2018-02-02' AS Date), N'846568-45623-7465')
INSERT [Peripheral] ([PeripheralID], [PeripheralName], [PeripheralType], [TextField], [EmployeeID], [IsAssigned], [FlatCost], [PurchaseDate], [CostPerYear], [IsDeleted], [MFG], [Location], [RenewalDate], [SerialNumber]) VALUES (4, N'DBPower', N'Keyboard', N'Cool lights', 4, 1, 22.5000, CAST(N'2019-05-24' AS Date), NULL, 0, N'tag', N'GR', CAST(N'2020-05-24' AS Date), N'846568-45623-7465')
INSERT [Peripheral] ([PeripheralID], [PeripheralName], [PeripheralType], [TextField], [EmployeeID], [IsAssigned], [FlatCost], [PurchaseDate], [CostPerYear], [IsDeleted], [MFG], [Location], [RenewalDate], [SerialNumber]) VALUES (6, N'Logitech', N'Keyboard', NULL, 5, 1, 40.0000, CAST(N'2018-05-05' AS Date), NULL, 0, N'tag', N'GR', CAST(N'2020-05-05' AS Date), N'846568-45623-7465')
INSERT [Peripheral] ([PeripheralID], [PeripheralName], [PeripheralType], [TextField], [EmployeeID], [IsAssigned], [FlatCost], [PurchaseDate], [CostPerYear], [IsDeleted], [MFG], [Location], [RenewalDate], [SerialNumber]) VALUES (7, N'Bose', N'Headphones', NULL, 1, 1, 200.0000, CAST(N'2019-06-03' AS Date), NULL, 0, N'tag', N'GR', CAST(N'2023-06-03' AS Date), N'846568-45623-7465')
INSERT [Peripheral] ([PeripheralID], [PeripheralName], [PeripheralType], [TextField], [EmployeeID], [IsAssigned], [FlatCost], [PurchaseDate], [CostPerYear], [IsDeleted], [MFG], [Location], [RenewalDate], [SerialNumber]) VALUES (8, N'Bose', N'Headphones', NULL, 4, 1, 350.0000, CAST(N'2019-02-02' AS Date), NULL, 0, N'tag', N'GR', CAST(N'2020-02-02' AS Date), N'846568-45623-7465')
INSERT [Peripheral] ([PeripheralID], [PeripheralName], [PeripheralType], [TextField], [EmployeeID], [IsAssigned], [FlatCost], [PurchaseDate], [CostPerYear], [IsDeleted], [MFG], [Location], [RenewalDate], [SerialNumber]) VALUES (9, N'Dell', N'Mouse', NULL, NULL, 0, 15.0000, CAST(N'2016-02-02' AS Date), NULL, 0, N'tag', N'AA', CAST(N'2020-02-02' AS Date), N'846568-45623-7465')
INSERT [Peripheral] ([PeripheralID], [PeripheralName], [PeripheralType], [TextField], [EmployeeID], [IsAssigned], [FlatCost], [PurchaseDate], [CostPerYear], [IsDeleted], [MFG], [Location], [RenewalDate], [SerialNumber]) VALUES (10, N'Dell', N'Mouse', NULL, 6, 1, 22.0000, CAST(N'2017-05-05' AS Date), NULL, 0, N'tag', N'AA', CAST(N'2019-05-05' AS Date), N'846568-45623-7465')
INSERT [Peripheral] ([PeripheralID], [PeripheralName], [PeripheralType], [TextField], [EmployeeID], [IsAssigned], [FlatCost], [PurchaseDate], [CostPerYear], [IsDeleted], [MFG], [Location], [RenewalDate], [SerialNumber]) VALUES (12, N'Dell', N'Headphones', NULL, 8, 1, 22.0000, CAST(N'2016-05-05' AS Date), NULL, 0, N'tag', N'AA', CAST(N'2018-05-05' AS Date), N'846568-45623-7465')
INSERT [Peripheral] ([PeripheralID], [PeripheralName], [PeripheralType], [TextField], [EmployeeID], [IsAssigned], [FlatCost], [PurchaseDate], [CostPerYear], [IsDeleted], [MFG], [Location], [RenewalDate], [SerialNumber]) VALUES (13, N'Hp', N'Printer', NULL, 1, 1, 100.0000, CAST(N'2018-05-05' AS Date), NULL, 0, N'tag', N'AA', CAST(N'2020-05-05' AS Date), N'846568-45623-7465')
INSERT [Peripheral] ([PeripheralID], [PeripheralName], [PeripheralType], [TextField], [EmployeeID], [IsAssigned], [FlatCost], [PurchaseDate], [CostPerYear], [IsDeleted], [MFG], [Location], [RenewalDate], [SerialNumber]) VALUES (14, N'HP', N'Mouse', NULL, NULL, 0, 25.0000, CAST(N'2016-05-05' AS Date), NULL, 0, N'tag', N'AA', CAST(N'2018-05-05' AS Date), N'846568-45623-7465')
SET IDENTITY_INSERT [Peripheral] OFF
SET IDENTITY_INSERT [Program] ON 

INSERT [Program] ([ProgramID], [ProgramName], [ProgramCostPerYear], [ProgramFlatCost], [ProgramLicenseKey], [IsLicense], [EmployeeID], [Description], [ProgramPurchaseLink], [HasPlugIn], [IsDeleted], [IsCostPerYear], [DateBought], [RenewalDate], [MonthsPerRenewal], [IsPinned]) VALUES (38, N'Sketch', 64.0000, 0.0000, N'1234-12435-765', 1, 18, N'Sketch Application', N'Sketch.com', 1, 0, 1, CAST(N'2019-02-02' AS Date), CAST(N'2020-02-02' AS Date), 12, 1)
INSERT [Program] ([ProgramID], [ProgramName], [ProgramCostPerYear], [ProgramFlatCost], [ProgramLicenseKey], [IsLicense], [EmployeeID], [Description], [ProgramPurchaseLink], [HasPlugIn], [IsDeleted], [IsCostPerYear], [DateBought], [RenewalDate], [MonthsPerRenewal], [IsPinned]) VALUES (39, N'Sketch', 64.0000, 0.0000, N'1234-12435-765', 1, 29, N'Sketch Application', N'Sketch.com', 1, 0, 1, CAST(N'2019-02-02' AS Date), CAST(N'2020-02-02' AS Date), 12, 1)
INSERT [Program] ([ProgramID], [ProgramName], [ProgramCostPerYear], [ProgramFlatCost], [ProgramLicenseKey], [IsLicense], [EmployeeID], [Description], [ProgramPurchaseLink], [HasPlugIn], [IsDeleted], [IsCostPerYear], [DateBought], [RenewalDate], [MonthsPerRenewal], [IsPinned]) VALUES (40, N'Sketch', 64.0000, 0.0000, N'1234-12435-765', 1, 19, N'Sketch Application', N'Sketch.com', 1, 0, 1, CAST(N'2019-02-02' AS Date), CAST(N'2020-02-02' AS Date), 12, 1)
INSERT [Program] ([ProgramID], [ProgramName], [ProgramCostPerYear], [ProgramFlatCost], [ProgramLicenseKey], [IsLicense], [EmployeeID], [Description], [ProgramPurchaseLink], [HasPlugIn], [IsDeleted], [IsCostPerYear], [DateBought], [RenewalDate], [MonthsPerRenewal], [IsPinned]) VALUES (41, N'Sketch', 64.0000, 0.0000, N'1234-12435-765', 1, 17, N'Sketch Application', N'Sketch.com', 1, 0, 1, CAST(N'2019-02-02' AS Date), CAST(N'2020-02-02' AS Date), 12, 1)
INSERT [Program] ([ProgramID], [ProgramName], [ProgramCostPerYear], [ProgramFlatCost], [ProgramLicenseKey], [IsLicense], [EmployeeID], [Description], [ProgramPurchaseLink], [HasPlugIn], [IsDeleted], [IsCostPerYear], [DateBought], [RenewalDate], [MonthsPerRenewal], [IsPinned]) VALUES (42, N'Sketch', 64.0000, 0.0000, N'1234-12435-765', 1, 2, N'Sketch Application', N'Sketch.com', 1, 0, 1, CAST(N'2019-02-02' AS Date), CAST(N'2020-02-02' AS Date), 12, 1)
INSERT [Program] ([ProgramID], [ProgramName], [ProgramCostPerYear], [ProgramFlatCost], [ProgramLicenseKey], [IsLicense], [EmployeeID], [Description], [ProgramPurchaseLink], [HasPlugIn], [IsDeleted], [IsCostPerYear], [DateBought], [RenewalDate], [MonthsPerRenewal], [IsPinned]) VALUES (43, N'Sketch', 64.0000, 0.0000, N'1234-12435-765', 1, NULL, N'Sketch Application', N'Sketch.com', 1, 0, 1, CAST(N'2019-02-02' AS Date), CAST(N'2020-02-02' AS Date), 12, 1)
INSERT [Program] ([ProgramID], [ProgramName], [ProgramCostPerYear], [ProgramFlatCost], [ProgramLicenseKey], [IsLicense], [EmployeeID], [Description], [ProgramPurchaseLink], [HasPlugIn], [IsDeleted], [IsCostPerYear], [DateBought], [RenewalDate], [MonthsPerRenewal], [IsPinned]) VALUES (44, N'Sketch', 64.0000, 0.0000, N'1234-12435-765', 1, NULL, N'Sketch Application', N'Sketch.com', 1, 0, 1, CAST(N'2019-02-02' AS Date), CAST(N'2020-02-02' AS Date), 12, 1)
INSERT [Program] ([ProgramID], [ProgramName], [ProgramCostPerYear], [ProgramFlatCost], [ProgramLicenseKey], [IsLicense], [EmployeeID], [Description], [ProgramPurchaseLink], [HasPlugIn], [IsDeleted], [IsCostPerYear], [DateBought], [RenewalDate], [MonthsPerRenewal], [IsPinned]) VALUES (45, N'Sketch', 64.0000, 0.0000, N'1234-12435-765', 1, NULL, N'Sketch Application', N'Sketch.com', 1, 0, 1, CAST(N'2019-02-02' AS Date), CAST(N'2020-02-02' AS Date), 12, 1)
INSERT [Program] ([ProgramID], [ProgramName], [ProgramCostPerYear], [ProgramFlatCost], [ProgramLicenseKey], [IsLicense], [EmployeeID], [Description], [ProgramPurchaseLink], [HasPlugIn], [IsDeleted], [IsCostPerYear], [DateBought], [RenewalDate], [MonthsPerRenewal], [IsPinned]) VALUES (46, N'123.Net', 10500.0000, 0.0000, N'12462734-234-765', 0, 10, N'Internet Line', N'123.Net', 0, 0, 1, CAST(N'2019-01-01' AS Date), CAST(N'2020-01-01' AS Date), 12, 0)
INSERT [Program] ([ProgramID], [ProgramName], [ProgramCostPerYear], [ProgramFlatCost], [ProgramLicenseKey], [IsLicense], [EmployeeID], [Description], [ProgramPurchaseLink], [HasPlugIn], [IsDeleted], [IsCostPerYear], [DateBought], [RenewalDate], [MonthsPerRenewal], [IsPinned]) VALUES (47, N'Comcast', 17400.0000, 0.0000, N'23429-5687905-5678', 0, 10, N'Internet Line', N'Comcast.Net', 0, 0, 1, CAST(N'2019-01-01' AS Date), CAST(N'2020-01-01' AS Date), 12, 0)
INSERT [Program] ([ProgramID], [ProgramName], [ProgramCostPerYear], [ProgramFlatCost], [ProgramLicenseKey], [IsLicense], [EmployeeID], [Description], [ProgramPurchaseLink], [HasPlugIn], [IsDeleted], [IsCostPerYear], [DateBought], [RenewalDate], [MonthsPerRenewal], [IsPinned]) VALUES (48, N'Adobe CC', 888.0000, 0.0000, NULL, 0, 18, N'Creative Cloud Subscription', N'https://www.adobe.com/creativecloud/plans.html?promoid=NV3KR7S1&mv=other', 0, 0, 0, CAST(N'2019-03-03' AS Date), CAST(N'2019-04-03' AS Date), 1, 0)
INSERT [Program] ([ProgramID], [ProgramName], [ProgramCostPerYear], [ProgramFlatCost], [ProgramLicenseKey], [IsLicense], [EmployeeID], [Description], [ProgramPurchaseLink], [HasPlugIn], [IsDeleted], [IsCostPerYear], [DateBought], [RenewalDate], [MonthsPerRenewal], [IsPinned]) VALUES (49, N'Adobe CC', 888.0000, 0.0000, NULL, 0, 29, N'Creative Cloud Subscription', N'https://www.adobe.com/creativecloud/plans.html?promoid=NV3KR7S1&mv=other', 0, 0, 0, CAST(N'2019-03-03' AS Date), CAST(N'2019-04-03' AS Date), 1, 0)
INSERT [Program] ([ProgramID], [ProgramName], [ProgramCostPerYear], [ProgramFlatCost], [ProgramLicenseKey], [IsLicense], [EmployeeID], [Description], [ProgramPurchaseLink], [HasPlugIn], [IsDeleted], [IsCostPerYear], [DateBought], [RenewalDate], [MonthsPerRenewal], [IsPinned]) VALUES (50, N'Adobe CC', 888.0000, 0.0000, NULL, 0, 28, N'Creative Cloud Subscription', N'https://www.adobe.com/creativecloud/plans.html?promoid=NV3KR7S1&mv=other', 0, 0, 0, CAST(N'2019-03-03' AS Date), CAST(N'2019-04-03' AS Date), 1, 0)
INSERT [Program] ([ProgramID], [ProgramName], [ProgramCostPerYear], [ProgramFlatCost], [ProgramLicenseKey], [IsLicense], [EmployeeID], [Description], [ProgramPurchaseLink], [HasPlugIn], [IsDeleted], [IsCostPerYear], [DateBought], [RenewalDate], [MonthsPerRenewal], [IsPinned]) VALUES (51, N'Adobe CC', 888.0000, 0.0000, NULL, 0, 27, N'Creative Cloud Subscription', N'https://www.adobe.com/creativecloud/plans.html?promoid=NV3KR7S1&mv=other', 0, 0, 0, CAST(N'2019-03-03' AS Date), CAST(N'2019-04-03' AS Date), 1, 0)
INSERT [Program] ([ProgramID], [ProgramName], [ProgramCostPerYear], [ProgramFlatCost], [ProgramLicenseKey], [IsLicense], [EmployeeID], [Description], [ProgramPurchaseLink], [HasPlugIn], [IsDeleted], [IsCostPerYear], [DateBought], [RenewalDate], [MonthsPerRenewal], [IsPinned]) VALUES (52, N'Adobe CC', 888.0000, 0.0000, NULL, 0, NULL, N'Creative Cloud Subscription', N'https://www.adobe.com/creativecloud/plans.html?promoid=NV3KR7S1&mv=other', 0, 0, 0, CAST(N'2019-03-03' AS Date), CAST(N'2019-04-03' AS Date), 1, 0)
INSERT [Program] ([ProgramID], [ProgramName], [ProgramCostPerYear], [ProgramFlatCost], [ProgramLicenseKey], [IsLicense], [EmployeeID], [Description], [ProgramPurchaseLink], [HasPlugIn], [IsDeleted], [IsCostPerYear], [DateBought], [RenewalDate], [MonthsPerRenewal], [IsPinned]) VALUES (53, N'Adobe CC', 888.0000, 0.0000, NULL, 0, NULL, N'Creative Cloud Subscription', N'https://www.adobe.com/creativecloud/plans.html?promoid=NV3KR7S1&mv=other', 0, 0, 0, CAST(N'2019-03-03' AS Date), CAST(N'2019-04-03' AS Date), 1, 0)
INSERT [Program] ([ProgramID], [ProgramName], [ProgramCostPerYear], [ProgramFlatCost], [ProgramLicenseKey], [IsLicense], [EmployeeID], [Description], [ProgramPurchaseLink], [HasPlugIn], [IsDeleted], [IsCostPerYear], [DateBought], [RenewalDate], [MonthsPerRenewal], [IsPinned]) VALUES (54, N'Adobe CC', 888.0000, 0.0000, NULL, 0, NULL, N'Creative Cloud Subscription', N'https://www.adobe.com/creativecloud/plans.html?promoid=NV3KR7S1&mv=other', 0, 0, 0, CAST(N'2019-03-03' AS Date), CAST(N'2019-04-03' AS Date), 1, 0)
INSERT [Program] ([ProgramID], [ProgramName], [ProgramCostPerYear], [ProgramFlatCost], [ProgramLicenseKey], [IsLicense], [EmployeeID], [Description], [ProgramPurchaseLink], [HasPlugIn], [IsDeleted], [IsCostPerYear], [DateBought], [RenewalDate], [MonthsPerRenewal], [IsPinned]) VALUES (55, N'Adobe CC', 888.0000, 0.0000, NULL, 0, NULL, N'Creative Cloud Subscription', N'https://www.adobe.com/creativecloud/plans.html?promoid=NV3KR7S1&mv=other', 0, 0, 0, CAST(N'2019-03-03' AS Date), CAST(N'2019-04-03' AS Date), 1, 0)
INSERT [Program] ([ProgramID], [ProgramName], [ProgramCostPerYear], [ProgramFlatCost], [ProgramLicenseKey], [IsLicense], [EmployeeID], [Description], [ProgramPurchaseLink], [HasPlugIn], [IsDeleted], [IsCostPerYear], [DateBought], [RenewalDate], [MonthsPerRenewal], [IsPinned]) VALUES (56, N'Adobe CC', 888.0000, 0.0000, NULL, 0, NULL, N'Creative Cloud Subscription', N'https://www.adobe.com/creativecloud/plans.html?promoid=NV3KR7S1&mv=other', 0, 0, 0, CAST(N'2019-03-03' AS Date), CAST(N'2019-04-03' AS Date), 1, 0)
INSERT [Program] ([ProgramID], [ProgramName], [ProgramCostPerYear], [ProgramFlatCost], [ProgramLicenseKey], [IsLicense], [EmployeeID], [Description], [ProgramPurchaseLink], [HasPlugIn], [IsDeleted], [IsCostPerYear], [DateBought], [RenewalDate], [MonthsPerRenewal], [IsPinned]) VALUES (57, N'Adobe CC', 888.0000, 0.0000, NULL, 0, NULL, N'Creative Cloud Subscription', N'https://www.adobe.com/creativecloud/plans.html?promoid=NV3KR7S1&mv=other', 0, 0, 0, CAST(N'2019-03-03' AS Date), CAST(N'2019-04-03' AS Date), 1, 0)
INSERT [Program] ([ProgramID], [ProgramName], [ProgramCostPerYear], [ProgramFlatCost], [ProgramLicenseKey], [IsLicense], [EmployeeID], [Description], [ProgramPurchaseLink], [HasPlugIn], [IsDeleted], [IsCostPerYear], [DateBought], [RenewalDate], [MonthsPerRenewal], [IsPinned]) VALUES (58, N'Mail Site', 975.0000, 0.0000, NULL, 0, 10, N'Site for mail', N'https://www.mailsite.com/', 0, 0, 1, CAST(N'2019-04-04' AS Date), CAST(N'2020-04-04' AS Date), 12, 0)
INSERT [Program] ([ProgramID], [ProgramName], [ProgramCostPerYear], [ProgramFlatCost], [ProgramLicenseKey], [IsLicense], [EmployeeID], [Description], [ProgramPurchaseLink], [HasPlugIn], [IsDeleted], [IsCostPerYear], [DateBought], [RenewalDate], [MonthsPerRenewal], [IsPinned]) VALUES (59, N'Bitvise', 99.9500, 0.0000, NULL, 0, 10, N'SSH Server', N'https://www.bitvise.com/order/new-license', 0, 0, 1, CAST(N'2019-02-03' AS Date), CAST(N'2020-02-03' AS Date), 12, 0)
INSERT [Program] ([ProgramID], [ProgramName], [ProgramCostPerYear], [ProgramFlatCost], [ProgramLicenseKey], [IsLicense], [EmployeeID], [Description], [ProgramPurchaseLink], [HasPlugIn], [IsDeleted], [IsCostPerYear], [DateBought], [RenewalDate], [MonthsPerRenewal], [IsPinned]) VALUES (60, N'Bitvise', 99.9500, 0.0000, NULL, 0, 10, N'SSH Server', N'https://www.bitvise.com/order/new-license', 0, 0, 1, CAST(N'2019-02-03' AS Date), CAST(N'2020-02-03' AS Date), 12, 0)
INSERT [Program] ([ProgramID], [ProgramName], [ProgramCostPerYear], [ProgramFlatCost], [ProgramLicenseKey], [IsLicense], [EmployeeID], [Description], [ProgramPurchaseLink], [HasPlugIn], [IsDeleted], [IsCostPerYear], [DateBought], [RenewalDate], [MonthsPerRenewal], [IsPinned]) VALUES (61, N'Bitvise', 99.9500, 0.0000, NULL, 0, 10, N'SSH Server', N'https://www.bitvise.com/order/new-license', 0, 0, 1, CAST(N'2019-02-03' AS Date), CAST(N'2020-02-03' AS Date), 12, 0)
INSERT [Program] ([ProgramID], [ProgramName], [ProgramCostPerYear], [ProgramFlatCost], [ProgramLicenseKey], [IsLicense], [EmployeeID], [Description], [ProgramPurchaseLink], [HasPlugIn], [IsDeleted], [IsCostPerYear], [DateBought], [RenewalDate], [MonthsPerRenewal], [IsPinned]) VALUES (62, N'Bitvise', 99.9500, 0.0000, NULL, 0, 10, N'SSH Server', N'https://www.bitvise.com/order/new-license', 0, 0, 1, CAST(N'2019-02-03' AS Date), CAST(N'2020-02-03' AS Date), 12, 0)
INSERT [Program] ([ProgramID], [ProgramName], [ProgramCostPerYear], [ProgramFlatCost], [ProgramLicenseKey], [IsLicense], [EmployeeID], [Description], [ProgramPurchaseLink], [HasPlugIn], [IsDeleted], [IsCostPerYear], [DateBought], [RenewalDate], [MonthsPerRenewal], [IsPinned]) VALUES (63, N'Bitvise', 99.9500, 0.0000, NULL, 0, 10, N'SSH Server', N'https://www.bitvise.com/order/new-license', 0, 0, 1, CAST(N'2019-02-03' AS Date), CAST(N'2020-02-03' AS Date), 12, 0)
INSERT [Program] ([ProgramID], [ProgramName], [ProgramCostPerYear], [ProgramFlatCost], [ProgramLicenseKey], [IsLicense], [EmployeeID], [Description], [ProgramPurchaseLink], [HasPlugIn], [IsDeleted], [IsCostPerYear], [DateBought], [RenewalDate], [MonthsPerRenewal], [IsPinned]) VALUES (64, N'Bitvise', 99.9500, 0.0000, NULL, 0, 10, N'SSH Server', N'https://www.bitvise.com/order/new-license', 0, 0, 1, CAST(N'2019-02-03' AS Date), CAST(N'2020-02-03' AS Date), 12, 0)
INSERT [Program] ([ProgramID], [ProgramName], [ProgramCostPerYear], [ProgramFlatCost], [ProgramLicenseKey], [IsLicense], [EmployeeID], [Description], [ProgramPurchaseLink], [HasPlugIn], [IsDeleted], [IsCostPerYear], [DateBought], [RenewalDate], [MonthsPerRenewal], [IsPinned]) VALUES (65, N'Bitvise', 99.9500, 0.0000, NULL, 0, 10, N'SSH Server', N'https://www.bitvise.com/order/new-license', 0, 0, 1, CAST(N'2019-02-03' AS Date), CAST(N'2020-02-03' AS Date), 12, 0)
INSERT [Program] ([ProgramID], [ProgramName], [ProgramCostPerYear], [ProgramFlatCost], [ProgramLicenseKey], [IsLicense], [EmployeeID], [Description], [ProgramPurchaseLink], [HasPlugIn], [IsDeleted], [IsCostPerYear], [DateBought], [RenewalDate], [MonthsPerRenewal], [IsPinned]) VALUES (66, N'VM Ware', 300.0000, 0.0000, NULL, 0, 31, N'For a virtual machine.', N'https://www.vmware.com/', 0, 0, 1, CAST(N'2019-02-03' AS Date), CAST(N'2020-02-03' AS Date), 12, 0)
INSERT [Program] ([ProgramID], [ProgramName], [ProgramCostPerYear], [ProgramFlatCost], [ProgramLicenseKey], [IsLicense], [EmployeeID], [Description], [ProgramPurchaseLink], [HasPlugIn], [IsDeleted], [IsCostPerYear], [DateBought], [RenewalDate], [MonthsPerRenewal], [IsPinned]) VALUES (67, N'VM Ware', 300.0000, 0.0000, NULL, 0, 32, N'For a virtual machine.', N'https://www.vmware.com/', 0, 0, 1, CAST(N'2019-02-03' AS Date), CAST(N'2020-02-03' AS Date), 12, 0)
INSERT [Program] ([ProgramID], [ProgramName], [ProgramCostPerYear], [ProgramFlatCost], [ProgramLicenseKey], [IsLicense], [EmployeeID], [Description], [ProgramPurchaseLink], [HasPlugIn], [IsDeleted], [IsCostPerYear], [DateBought], [RenewalDate], [MonthsPerRenewal], [IsPinned]) VALUES (68, N'VM Ware', 300.0000, 0.0000, NULL, 0, 33, N'For a virtual machine.', N'https://www.vmware.com/', 0, 0, 1, CAST(N'2019-02-03' AS Date), CAST(N'2020-02-03' AS Date), 12, 0)
INSERT [Program] ([ProgramID], [ProgramName], [ProgramCostPerYear], [ProgramFlatCost], [ProgramLicenseKey], [IsLicense], [EmployeeID], [Description], [ProgramPurchaseLink], [HasPlugIn], [IsDeleted], [IsCostPerYear], [DateBought], [RenewalDate], [MonthsPerRenewal], [IsPinned]) VALUES (69, N'Vipre', 1025.0000, 0.0000, NULL, 0, 10, N'Not a snake.', N'threattrack.com', 0, 0, 1, CAST(N'2019-04-03' AS Date), CAST(N'2020-04-03' AS Date), 12, 0)
INSERT [Program] ([ProgramID], [ProgramName], [ProgramCostPerYear], [ProgramFlatCost], [ProgramLicenseKey], [IsLicense], [EmployeeID], [Description], [ProgramPurchaseLink], [HasPlugIn], [IsDeleted], [IsCostPerYear], [DateBought], [RenewalDate], [MonthsPerRenewal], [IsPinned]) VALUES (70, N'ReSharper', 300.0000, 0.0000, NULL, 0, 26, N'From JetBrains', N'https://www.jetbrains.com', 0, 0, 1, CAST(N'2019-05-03' AS Date), CAST(N'2020-05-03' AS Date), 12, 0)
INSERT [Program] ([ProgramID], [ProgramName], [ProgramCostPerYear], [ProgramFlatCost], [ProgramLicenseKey], [IsLicense], [EmployeeID], [Description], [ProgramPurchaseLink], [HasPlugIn], [IsDeleted], [IsCostPerYear], [DateBought], [RenewalDate], [MonthsPerRenewal], [IsPinned]) VALUES (71, N'Barracuda Spam', 2000.0000, 0.0000, NULL, 0, 10, N'Helpful program', N'Barracuda.com', 0, 0, 1, CAST(N'2019-05-04' AS Date), CAST(N'2020-02-04' AS Date), 12, 0)
INSERT [Program] ([ProgramID], [ProgramName], [ProgramCostPerYear], [ProgramFlatCost], [ProgramLicenseKey], [IsLicense], [EmployeeID], [Description], [ProgramPurchaseLink], [HasPlugIn], [IsDeleted], [IsCostPerYear], [DateBought], [RenewalDate], [MonthsPerRenewal], [IsPinned]) VALUES (72, N'Cudatel', 3000.0000, 0.0000, NULL, 0, 10, N'Helpful program aswell', N'Barracuda.com', 0, 0, 1, CAST(N'2019-05-04' AS Date), CAST(N'2020-05-04' AS Date), 12, 0)
INSERT [Program] ([ProgramID], [ProgramName], [ProgramCostPerYear], [ProgramFlatCost], [ProgramLicenseKey], [IsLicense], [EmployeeID], [Description], [ProgramPurchaseLink], [HasPlugIn], [IsDeleted], [IsCostPerYear], [DateBought], [RenewalDate], [MonthsPerRenewal], [IsPinned]) VALUES (73, N'SSL Certs Wild', 300.0000, 0.0000, NULL, 0, 10, N'Certifications', N'', 0, 0, 1, CAST(N'2019-01-04' AS Date), CAST(N'2020-02-04' AS Date), 12, 0)
INSERT [Program] ([ProgramID], [ProgramName], [ProgramCostPerYear], [ProgramFlatCost], [ProgramLicenseKey], [IsLicense], [EmployeeID], [Description], [ProgramPurchaseLink], [HasPlugIn], [IsDeleted], [IsCostPerYear], [DateBought], [RenewalDate], [MonthsPerRenewal], [IsPinned]) VALUES (74, N'SSL Certs Wild', 300.0000, 0.0000, NULL, 0, 10, N'Certifications', N'', 0, 0, 1, CAST(N'2019-01-04' AS Date), CAST(N'2020-01-04' AS Date), 12, 0)
INSERT [Program] ([ProgramID], [ProgramName], [ProgramCostPerYear], [ProgramFlatCost], [ProgramLicenseKey], [IsLicense], [EmployeeID], [Description], [ProgramPurchaseLink], [HasPlugIn], [IsDeleted], [IsCostPerYear], [DateBought], [RenewalDate], [MonthsPerRenewal], [IsPinned]) VALUES (75, N'SSL Certs Standard', 70.0000, 0.0000, NULL, 0, 10, N'Certifications', N'', 0, 0, 1, CAST(N'2019-02-04' AS Date), CAST(N'2020-02-04' AS Date), 12, 0)
INSERT [Program] ([ProgramID], [ProgramName], [ProgramCostPerYear], [ProgramFlatCost], [ProgramLicenseKey], [IsLicense], [EmployeeID], [Description], [ProgramPurchaseLink], [HasPlugIn], [IsDeleted], [IsCostPerYear], [DateBought], [RenewalDate], [MonthsPerRenewal], [IsPinned]) VALUES (76, N'SSL Certs Standard', 70.0000, 0.0000, NULL, 0, 10, N'Certifications', N'', 0, 0, 1, CAST(N'2019-02-04' AS Date), CAST(N'2020-02-04' AS Date), 12, 0)
INSERT [Program] ([ProgramID], [ProgramName], [ProgramCostPerYear], [ProgramFlatCost], [ProgramLicenseKey], [IsLicense], [EmployeeID], [Description], [ProgramPurchaseLink], [HasPlugIn], [IsDeleted], [IsCostPerYear], [DateBought], [RenewalDate], [MonthsPerRenewal], [IsPinned]) VALUES (77, N'SSL Certs Standard', 70.0000, 0.0000, NULL, 0, 10, N'Certifications', N'', 0, 0, 1, CAST(N'2019-02-04' AS Date), CAST(N'2020-02-04' AS Date), 12, 0)
INSERT [Program] ([ProgramID], [ProgramName], [ProgramCostPerYear], [ProgramFlatCost], [ProgramLicenseKey], [IsLicense], [EmployeeID], [Description], [ProgramPurchaseLink], [HasPlugIn], [IsDeleted], [IsCostPerYear], [DateBought], [RenewalDate], [MonthsPerRenewal], [IsPinned]) VALUES (78, N'SSL Certs Standard', 70.0000, 0.0000, NULL, 0, 10, N'Certifications', N'', 0, 0, 1, CAST(N'2019-02-04' AS Date), CAST(N'2020-02-04' AS Date), 12, 0)
INSERT [Program] ([ProgramID], [ProgramName], [ProgramCostPerYear], [ProgramFlatCost], [ProgramLicenseKey], [IsLicense], [EmployeeID], [Description], [ProgramPurchaseLink], [HasPlugIn], [IsDeleted], [IsCostPerYear], [DateBought], [RenewalDate], [MonthsPerRenewal], [IsPinned]) VALUES (79, N'SSL Certs Standard', 70.0000, 0.0000, NULL, 0, 10, N'Certifications', N'', 0, 0, 1, CAST(N'2019-02-04' AS Date), CAST(N'2020-02-04' AS Date), 12, 0)
INSERT [Program] ([ProgramID], [ProgramName], [ProgramCostPerYear], [ProgramFlatCost], [ProgramLicenseKey], [IsLicense], [EmployeeID], [Description], [ProgramPurchaseLink], [HasPlugIn], [IsDeleted], [IsCostPerYear], [DateBought], [RenewalDate], [MonthsPerRenewal], [IsPinned]) VALUES (80, N'SSL Certs Standard', 70.0000, 0.0000, NULL, 0, 10, N'Certifications', N'', 0, 0, 1, CAST(N'2019-02-04' AS Date), CAST(N'2020-02-04' AS Date), 12, 0)
INSERT [Program] ([ProgramID], [ProgramName], [ProgramCostPerYear], [ProgramFlatCost], [ProgramLicenseKey], [IsLicense], [EmployeeID], [Description], [ProgramPurchaseLink], [HasPlugIn], [IsDeleted], [IsCostPerYear], [DateBought], [RenewalDate], [MonthsPerRenewal], [IsPinned]) VALUES (81, N'SSL Certs Standard', 70.0000, 0.0000, NULL, 0, 10, N'Certifications', N'', 0, 0, 1, CAST(N'2019-02-04' AS Date), CAST(N'2020-02-04' AS Date), 12, 0)
INSERT [Program] ([ProgramID], [ProgramName], [ProgramCostPerYear], [ProgramFlatCost], [ProgramLicenseKey], [IsLicense], [EmployeeID], [Description], [ProgramPurchaseLink], [HasPlugIn], [IsDeleted], [IsCostPerYear], [DateBought], [RenewalDate], [MonthsPerRenewal], [IsPinned]) VALUES (82, N'SSL Certs Standard', 70.0000, 0.0000, NULL, 0, 10, N'Certifications', N'', 0, 0, 1, CAST(N'2019-02-04' AS Date), CAST(N'2020-02-04' AS Date), 12, 0)
INSERT [Program] ([ProgramID], [ProgramName], [ProgramCostPerYear], [ProgramFlatCost], [ProgramLicenseKey], [IsLicense], [EmployeeID], [Description], [ProgramPurchaseLink], [HasPlugIn], [IsDeleted], [IsCostPerYear], [DateBought], [RenewalDate], [MonthsPerRenewal], [IsPinned]) VALUES (83, N'SSL Certs Standard', 70.0000, 0.0000, NULL, 0, 10, N'Certifications', N'', 0, 0, 1, CAST(N'2019-02-04' AS Date), CAST(N'2020-02-04' AS Date), 12, 0)
INSERT [Program] ([ProgramID], [ProgramName], [ProgramCostPerYear], [ProgramFlatCost], [ProgramLicenseKey], [IsLicense], [EmployeeID], [Description], [ProgramPurchaseLink], [HasPlugIn], [IsDeleted], [IsCostPerYear], [DateBought], [RenewalDate], [MonthsPerRenewal], [IsPinned]) VALUES (84, N'SSL Certs Standard', 70.0000, 0.0000, NULL, 0, 10, N'Certifications', N'', 0, 0, 1, CAST(N'2019-02-04' AS Date), CAST(N'2020-02-04' AS Date), 12, 0)
INSERT [Program] ([ProgramID], [ProgramName], [ProgramCostPerYear], [ProgramFlatCost], [ProgramLicenseKey], [IsLicense], [EmployeeID], [Description], [ProgramPurchaseLink], [HasPlugIn], [IsDeleted], [IsCostPerYear], [DateBought], [RenewalDate], [MonthsPerRenewal], [IsPinned]) VALUES (85, N'SSL Certs Standard', 70.0000, 0.0000, NULL, 0, 10, N'Certifications', N'', 0, 0, 1, CAST(N'2019-02-04' AS Date), CAST(N'2020-02-04' AS Date), 12, 0)
INSERT [Program] ([ProgramID], [ProgramName], [ProgramCostPerYear], [ProgramFlatCost], [ProgramLicenseKey], [IsLicense], [EmployeeID], [Description], [ProgramPurchaseLink], [HasPlugIn], [IsDeleted], [IsCostPerYear], [DateBought], [RenewalDate], [MonthsPerRenewal], [IsPinned]) VALUES (86, N'SSL Certs Standard', 70.0000, 0.0000, NULL, 0, 10, N'Certifications', N'', 0, 0, 1, CAST(N'2019-02-04' AS Date), CAST(N'2020-02-04' AS Date), 12, 0)
INSERT [Program] ([ProgramID], [ProgramName], [ProgramCostPerYear], [ProgramFlatCost], [ProgramLicenseKey], [IsLicense], [EmployeeID], [Description], [ProgramPurchaseLink], [HasPlugIn], [IsDeleted], [IsCostPerYear], [DateBought], [RenewalDate], [MonthsPerRenewal], [IsPinned]) VALUES (87, N'SSL Certs Standard', 70.0000, 0.0000, NULL, 0, 10, N'Certifications', N'', 0, 0, 1, CAST(N'2019-02-04' AS Date), CAST(N'2020-02-04' AS Date), 12, 0)
INSERT [Program] ([ProgramID], [ProgramName], [ProgramCostPerYear], [ProgramFlatCost], [ProgramLicenseKey], [IsLicense], [EmployeeID], [Description], [ProgramPurchaseLink], [HasPlugIn], [IsDeleted], [IsCostPerYear], [DateBought], [RenewalDate], [MonthsPerRenewal], [IsPinned]) VALUES (88, N'SSL Certs Standard', 70.0000, 0.0000, NULL, 0, 10, N'Certifications', N'', 0, 0, 1, CAST(N'2019-02-04' AS Date), CAST(N'2020-02-04' AS Date), 12, 0)
INSERT [Program] ([ProgramID], [ProgramName], [ProgramCostPerYear], [ProgramFlatCost], [ProgramLicenseKey], [IsLicense], [EmployeeID], [Description], [ProgramPurchaseLink], [HasPlugIn], [IsDeleted], [IsCostPerYear], [DateBought], [RenewalDate], [MonthsPerRenewal], [IsPinned]) VALUES (89, N'SSL Certs Standard', 70.0000, 0.0000, NULL, 0, 10, N'Certifications', N'', 0, 0, 1, CAST(N'2019-02-04' AS Date), CAST(N'2020-02-04' AS Date), 12, 0)
INSERT [Program] ([ProgramID], [ProgramName], [ProgramCostPerYear], [ProgramFlatCost], [ProgramLicenseKey], [IsLicense], [EmployeeID], [Description], [ProgramPurchaseLink], [HasPlugIn], [IsDeleted], [IsCostPerYear], [DateBought], [RenewalDate], [MonthsPerRenewal], [IsPinned]) VALUES (90, N'PRTG', 2000.0000, 0.0000, NULL, 0, 10, N'This important program.', N'Paessler.com', 0, 0, 1, CAST(N'2019-07-04' AS Date), CAST(N'2020-07-04' AS Date), 12, 0)
INSERT [Program] ([ProgramID], [ProgramName], [ProgramCostPerYear], [ProgramFlatCost], [ProgramLicenseKey], [IsLicense], [EmployeeID], [Description], [ProgramPurchaseLink], [HasPlugIn], [IsDeleted], [IsCostPerYear], [DateBought], [RenewalDate], [MonthsPerRenewal], [IsPinned]) VALUES (91, N'Generator', 500.0000, 0.0000, NULL, 0, 10, N'When the power is out but you still need to code.', N'', 0, 0, 0, CAST(N'2019-03-04' AS Date), CAST(N'2019-04-14' AS Date), 1, 0)
INSERT [Program] ([ProgramID], [ProgramName], [ProgramCostPerYear], [ProgramFlatCost], [ProgramLicenseKey], [IsLicense], [EmployeeID], [Description], [ProgramPurchaseLink], [HasPlugIn], [IsDeleted], [IsCostPerYear], [DateBought], [RenewalDate], [MonthsPerRenewal], [IsPinned]) VALUES (92, N'Parallels (Home Edition)', 0.0000, 60.0000, NULL, 0, 11, N'Two OS as once.', N'https://www.parallels.com/', 0, 0, 0, CAST(N'2019-03-14' AS Date), NULL, NULL, 0)
INSERT [Program] ([ProgramID], [ProgramName], [ProgramCostPerYear], [ProgramFlatCost], [ProgramLicenseKey], [IsLicense], [EmployeeID], [Description], [ProgramPurchaseLink], [HasPlugIn], [IsDeleted], [IsCostPerYear], [DateBought], [RenewalDate], [MonthsPerRenewal], [IsPinned]) VALUES (93, N'Parallels (Home Edition)', 0.0000, 60.0000, NULL, 0, 13, N'Two OS as once.', N'https://www.parallels.com/', 0, 0, 0, CAST(N'2019-03-14' AS Date), NULL, NULL, 0)
INSERT [Program] ([ProgramID], [ProgramName], [ProgramCostPerYear], [ProgramFlatCost], [ProgramLicenseKey], [IsLicense], [EmployeeID], [Description], [ProgramPurchaseLink], [HasPlugIn], [IsDeleted], [IsCostPerYear], [DateBought], [RenewalDate], [MonthsPerRenewal], [IsPinned]) VALUES (94, N'Parallels (Home Edition)', 0.0000, 60.0000, NULL, 0, NULL, N'Two OS as once.', N'https://www.parallels.com/', 0, 0, 0, CAST(N'2019-03-14' AS Date), NULL, NULL, 0)
INSERT [Program] ([ProgramID], [ProgramName], [ProgramCostPerYear], [ProgramFlatCost], [ProgramLicenseKey], [IsLicense], [EmployeeID], [Description], [ProgramPurchaseLink], [HasPlugIn], [IsDeleted], [IsCostPerYear], [DateBought], [RenewalDate], [MonthsPerRenewal], [IsPinned]) VALUES (95, N'Parallels (Business Edition)', 106.0000, 0.0000, NULL, 0, 21, N'Two OS as once.', N'https://www.parallels.com/', 0, 0, 1, CAST(N'2019-03-14' AS Date), CAST(N'2020-03-14' AS Date), 12, 1)
INSERT [Program] ([ProgramID], [ProgramName], [ProgramCostPerYear], [ProgramFlatCost], [ProgramLicenseKey], [IsLicense], [EmployeeID], [Description], [ProgramPurchaseLink], [HasPlugIn], [IsDeleted], [IsCostPerYear], [DateBought], [RenewalDate], [MonthsPerRenewal], [IsPinned]) VALUES (96, N'Parallels (Business Edition)', 106.0000, 0.0000, NULL, 0, 22, N'Two OS as once.', N'https://www.parallels.com/', 0, 0, 1, CAST(N'2019-03-14' AS Date), CAST(N'2020-03-14' AS Date), 12, 1)
INSERT [Program] ([ProgramID], [ProgramName], [ProgramCostPerYear], [ProgramFlatCost], [ProgramLicenseKey], [IsLicense], [EmployeeID], [Description], [ProgramPurchaseLink], [HasPlugIn], [IsDeleted], [IsCostPerYear], [DateBought], [RenewalDate], [MonthsPerRenewal], [IsPinned]) VALUES (97, N'Parallels (Business Edition)', 106.0000, 0.0000, NULL, 0, 23, N'Two OS as once.', N'https://www.parallels.com/', 0, 0, 1, CAST(N'2019-03-14' AS Date), CAST(N'2020-03-14' AS Date), 12, 1)
INSERT [Program] ([ProgramID], [ProgramName], [ProgramCostPerYear], [ProgramFlatCost], [ProgramLicenseKey], [IsLicense], [EmployeeID], [Description], [ProgramPurchaseLink], [HasPlugIn], [IsDeleted], [IsCostPerYear], [DateBought], [RenewalDate], [MonthsPerRenewal], [IsPinned]) VALUES (98, N'Parallels (Business Edition)', 106.0000, 0.0000, NULL, 0, 2, N'Two OS as once.', N'https://www.parallels.com/', 0, 0, 1, CAST(N'2019-03-14' AS Date), CAST(N'2020-03-14' AS Date), 12, 1)
INSERT [Program] ([ProgramID], [ProgramName], [ProgramCostPerYear], [ProgramFlatCost], [ProgramLicenseKey], [IsLicense], [EmployeeID], [Description], [ProgramPurchaseLink], [HasPlugIn], [IsDeleted], [IsCostPerYear], [DateBought], [RenewalDate], [MonthsPerRenewal], [IsPinned]) VALUES (99, N'Parallels (Business Edition)', 106.0000, 0.0000, NULL, 0, NULL, N'Two OS as once.', N'https://www.parallels.com/', 0, 0, 1, CAST(N'2019-03-14' AS Date), CAST(N'2020-03-14' AS Date), 12, 1)
INSERT [Program] ([ProgramID], [ProgramName], [ProgramCostPerYear], [ProgramFlatCost], [ProgramLicenseKey], [IsLicense], [EmployeeID], [Description], [ProgramPurchaseLink], [HasPlugIn], [IsDeleted], [IsCostPerYear], [DateBought], [RenewalDate], [MonthsPerRenewal], [IsPinned]) VALUES (100, N'Stretchy-Search', 1005.0000, 0.0000, NULL, 0, 13, N'Powerful searching.', N'www.stretchy-search.com', 0, 0, 1, CAST(N'2019-03-15' AS Date), CAST(N'2020-03-14' AS Date), 12, 0)
INSERT [Program] ([ProgramID], [ProgramName], [ProgramCostPerYear], [ProgramFlatCost], [ProgramLicenseKey], [IsLicense], [EmployeeID], [Description], [ProgramPurchaseLink], [HasPlugIn], [IsDeleted], [IsCostPerYear], [DateBought], [RenewalDate], [MonthsPerRenewal], [IsPinned]) VALUES (101, N'Mail Tester', 120.0000, 0.0000, NULL, 0, 13, N'Test sending emails during development.', N'www.mail-test.com', 0, 0, 0, CAST(N'2019-03-15' AS Date), CAST(N'2019-04-15' AS Date), 1, 0)
INSERT [Program] ([ProgramID], [ProgramName], [ProgramCostPerYear], [ProgramFlatCost], [ProgramLicenseKey], [IsLicense], [EmployeeID], [Description], [ProgramPurchaseLink], [HasPlugIn], [IsDeleted], [IsCostPerYear], [DateBought], [RenewalDate], [MonthsPerRenewal], [IsPinned]) VALUES (102, N'AWS', 360.0000, 0.0000, NULL, 0, 10, N'Shopping at work.', N'www.amazon.com', 0, 0, 1, CAST(N'2019-03-13' AS Date), CAST(N'2020-03-14' AS Date), 12, 0)
INSERT [Program] ([ProgramID], [ProgramName], [ProgramCostPerYear], [ProgramFlatCost], [ProgramLicenseKey], [IsLicense], [EmployeeID], [Description], [ProgramPurchaseLink], [HasPlugIn], [IsDeleted], [IsCostPerYear], [DateBought], [RenewalDate], [MonthsPerRenewal], [IsPinned]) VALUES (103, N'Bitbucket User', 33.0000, 0.0000, N'987-45-765', 1, 11, N'50 users.', N'https://bitbucket.org/', 1, 0, 1, CAST(N'2019-03-13' AS Date), CAST(N'2020-03-14' AS Date), 12, 1)
INSERT [Program] ([ProgramID], [ProgramName], [ProgramCostPerYear], [ProgramFlatCost], [ProgramLicenseKey], [IsLicense], [EmployeeID], [Description], [ProgramPurchaseLink], [HasPlugIn], [IsDeleted], [IsCostPerYear], [DateBought], [RenewalDate], [MonthsPerRenewal], [IsPinned]) VALUES (104, N'Bitbucket User', 33.0000, 0.0000, N'987-45-765', 1, 13, N'50 users.', N'https://bitbucket.org/', 1, 0, 1, CAST(N'2019-03-13' AS Date), CAST(N'2020-03-14' AS Date), 12, 1)
INSERT [Program] ([ProgramID], [ProgramName], [ProgramCostPerYear], [ProgramFlatCost], [ProgramLicenseKey], [IsLicense], [EmployeeID], [Description], [ProgramPurchaseLink], [HasPlugIn], [IsDeleted], [IsCostPerYear], [DateBought], [RenewalDate], [MonthsPerRenewal], [IsPinned]) VALUES (105, N'Bitbucket User', 33.0000, 0.0000, N'987-45-765', 1, 15, N'50 users.', N'https://bitbucket.org/', 1, 0, 1, CAST(N'2019-03-13' AS Date), CAST(N'2020-03-14' AS Date), 12, 1)
INSERT [Program] ([ProgramID], [ProgramName], [ProgramCostPerYear], [ProgramFlatCost], [ProgramLicenseKey], [IsLicense], [EmployeeID], [Description], [ProgramPurchaseLink], [HasPlugIn], [IsDeleted], [IsCostPerYear], [DateBought], [RenewalDate], [MonthsPerRenewal], [IsPinned]) VALUES (106, N'Bitbucket User', 33.0000, 0.0000, N'987-45-765', 1, 17, N'50 users.', N'https://bitbucket.org/', 1, 0, 1, CAST(N'2019-03-13' AS Date), CAST(N'2020-03-14' AS Date), 12, 1)
INSERT [Program] ([ProgramID], [ProgramName], [ProgramCostPerYear], [ProgramFlatCost], [ProgramLicenseKey], [IsLicense], [EmployeeID], [Description], [ProgramPurchaseLink], [HasPlugIn], [IsDeleted], [IsCostPerYear], [DateBought], [RenewalDate], [MonthsPerRenewal], [IsPinned]) VALUES (107, N'Bitbucket User', 33.0000, 0.0000, N'987-45-765', 1, 21, N'50 users.', N'https://bitbucket.org/', 1, 0, 1, CAST(N'2019-03-13' AS Date), CAST(N'2020-03-14' AS Date), 12, 1)
INSERT [Program] ([ProgramID], [ProgramName], [ProgramCostPerYear], [ProgramFlatCost], [ProgramLicenseKey], [IsLicense], [EmployeeID], [Description], [ProgramPurchaseLink], [HasPlugIn], [IsDeleted], [IsCostPerYear], [DateBought], [RenewalDate], [MonthsPerRenewal], [IsPinned]) VALUES (108, N'Bitbucket User', 33.0000, 0.0000, N'987-45-765', 1, 2, N'50 users.', N'https://bitbucket.org/', 1, 0, 1, CAST(N'2019-03-13' AS Date), CAST(N'2020-03-14' AS Date), 12, 1)
INSERT [Program] ([ProgramID], [ProgramName], [ProgramCostPerYear], [ProgramFlatCost], [ProgramLicenseKey], [IsLicense], [EmployeeID], [Description], [ProgramPurchaseLink], [HasPlugIn], [IsDeleted], [IsCostPerYear], [DateBought], [RenewalDate], [MonthsPerRenewal], [IsPinned]) VALUES (109, N'Bitbucket User', 33.0000, 0.0000, N'987-45-765', 1, 24, N'50 users.', N'https://bitbucket.org/', 1, 0, 1, CAST(N'2019-03-13' AS Date), CAST(N'2020-03-14' AS Date), 12, 1)
INSERT [Program] ([ProgramID], [ProgramName], [ProgramCostPerYear], [ProgramFlatCost], [ProgramLicenseKey], [IsLicense], [EmployeeID], [Description], [ProgramPurchaseLink], [HasPlugIn], [IsDeleted], [IsCostPerYear], [DateBought], [RenewalDate], [MonthsPerRenewal], [IsPinned]) VALUES (110, N'Bitbucket User', 33.0000, 0.0000, N'987-45-765', 1, 25, N'50 users.', N'https://bitbucket.org/', 1, 0, 1, CAST(N'2019-03-13' AS Date), CAST(N'2020-03-14' AS Date), 12, 1)
INSERT [Program] ([ProgramID], [ProgramName], [ProgramCostPerYear], [ProgramFlatCost], [ProgramLicenseKey], [IsLicense], [EmployeeID], [Description], [ProgramPurchaseLink], [HasPlugIn], [IsDeleted], [IsCostPerYear], [DateBought], [RenewalDate], [MonthsPerRenewal], [IsPinned]) VALUES (111, N'Bitbucket User', 33.0000, 0.0000, N'987-45-765', 1, 26, N'50 users.', N'https://bitbucket.org/', 1, 0, 1, CAST(N'2019-03-13' AS Date), CAST(N'2020-03-14' AS Date), 12, 1)
INSERT [Program] ([ProgramID], [ProgramName], [ProgramCostPerYear], [ProgramFlatCost], [ProgramLicenseKey], [IsLicense], [EmployeeID], [Description], [ProgramPurchaseLink], [HasPlugIn], [IsDeleted], [IsCostPerYear], [DateBought], [RenewalDate], [MonthsPerRenewal], [IsPinned]) VALUES (112, N'Bitbucket User', 33.0000, 0.0000, N'987-45-765', 1, NULL, N'50 users.', N'https://bitbucket.org/', 1, 0, 1, CAST(N'2019-03-13' AS Date), CAST(N'2020-03-14' AS Date), 12, 1)
INSERT [Program] ([ProgramID], [ProgramName], [ProgramCostPerYear], [ProgramFlatCost], [ProgramLicenseKey], [IsLicense], [EmployeeID], [Description], [ProgramPurchaseLink], [HasPlugIn], [IsDeleted], [IsCostPerYear], [DateBought], [RenewalDate], [MonthsPerRenewal], [IsPinned]) VALUES (113, N'Jira Software', 33.0000, 0.0000, N'6345-3457-257', 1, 11, N'100 users.', N'https://www.atlassian.com/software/jira', 1, 0, 1, CAST(N'2019-03-12' AS Date), CAST(N'2020-03-14' AS Date), 12, 1)
INSERT [Program] ([ProgramID], [ProgramName], [ProgramCostPerYear], [ProgramFlatCost], [ProgramLicenseKey], [IsLicense], [EmployeeID], [Description], [ProgramPurchaseLink], [HasPlugIn], [IsDeleted], [IsCostPerYear], [DateBought], [RenewalDate], [MonthsPerRenewal], [IsPinned]) VALUES (114, N'Jira Software', 33.0000, 0.0000, N'6345-3457-257', 1, 13, N'100 users.', N'https://www.atlassian.com/software/jira', 1, 0, 1, CAST(N'2019-03-12' AS Date), CAST(N'2020-03-14' AS Date), 12, 1)
INSERT [Program] ([ProgramID], [ProgramName], [ProgramCostPerYear], [ProgramFlatCost], [ProgramLicenseKey], [IsLicense], [EmployeeID], [Description], [ProgramPurchaseLink], [HasPlugIn], [IsDeleted], [IsCostPerYear], [DateBought], [RenewalDate], [MonthsPerRenewal], [IsPinned]) VALUES (115, N'Jira Software', 33.0000, 0.0000, N'6345-3457-257', 1, 15, N'100 users.', N'https://www.atlassian.com/software/jira', 1, 0, 1, CAST(N'2019-03-12' AS Date), CAST(N'2020-03-14' AS Date), 12, 1)
INSERT [Program] ([ProgramID], [ProgramName], [ProgramCostPerYear], [ProgramFlatCost], [ProgramLicenseKey], [IsLicense], [EmployeeID], [Description], [ProgramPurchaseLink], [HasPlugIn], [IsDeleted], [IsCostPerYear], [DateBought], [RenewalDate], [MonthsPerRenewal], [IsPinned]) VALUES (116, N'Jira Software', 33.0000, 0.0000, N'6345-3457-257', 1, 17, N'100 users.', N'https://www.atlassian.com/software/jira', 1, 0, 1, CAST(N'2019-03-12' AS Date), CAST(N'2020-03-14' AS Date), 12, 1)
INSERT [Program] ([ProgramID], [ProgramName], [ProgramCostPerYear], [ProgramFlatCost], [ProgramLicenseKey], [IsLicense], [EmployeeID], [Description], [ProgramPurchaseLink], [HasPlugIn], [IsDeleted], [IsCostPerYear], [DateBought], [RenewalDate], [MonthsPerRenewal], [IsPinned]) VALUES (117, N'Jira Software', 33.0000, 0.0000, N'6345-3457-257', 1, 2, N'100 users.', N'https://www.atlassian.com/software/jira', 1, 0, 1, CAST(N'2019-03-12' AS Date), CAST(N'2020-03-14' AS Date), 12, 1)
INSERT [Program] ([ProgramID], [ProgramName], [ProgramCostPerYear], [ProgramFlatCost], [ProgramLicenseKey], [IsLicense], [EmployeeID], [Description], [ProgramPurchaseLink], [HasPlugIn], [IsDeleted], [IsCostPerYear], [DateBought], [RenewalDate], [MonthsPerRenewal], [IsPinned]) VALUES (118, N'Jira Software', 33.0000, 0.0000, N'6345-3457-257', 1, 23, N'100 users.', N'https://www.atlassian.com/software/jira', 1, 0, 1, CAST(N'2019-03-12' AS Date), CAST(N'2020-03-14' AS Date), 12, 1)
INSERT [Program] ([ProgramID], [ProgramName], [ProgramCostPerYear], [ProgramFlatCost], [ProgramLicenseKey], [IsLicense], [EmployeeID], [Description], [ProgramPurchaseLink], [HasPlugIn], [IsDeleted], [IsCostPerYear], [DateBought], [RenewalDate], [MonthsPerRenewal], [IsPinned]) VALUES (119, N'Jira Software', 33.0000, 0.0000, N'6345-3457-257', 1, 24, N'100 users.', N'https://www.atlassian.com/software/jira', 1, 0, 1, CAST(N'2019-03-12' AS Date), CAST(N'2020-03-14' AS Date), 12, 1)
INSERT [Program] ([ProgramID], [ProgramName], [ProgramCostPerYear], [ProgramFlatCost], [ProgramLicenseKey], [IsLicense], [EmployeeID], [Description], [ProgramPurchaseLink], [HasPlugIn], [IsDeleted], [IsCostPerYear], [DateBought], [RenewalDate], [MonthsPerRenewal], [IsPinned]) VALUES (120, N'Jira Software', 33.0000, 0.0000, N'6345-3457-257', 1, 26, N'100 users.', N'https://www.atlassian.com/software/jira', 1, 0, 1, CAST(N'2019-03-12' AS Date), CAST(N'2020-03-14' AS Date), 12, 1)
INSERT [Program] ([ProgramID], [ProgramName], [ProgramCostPerYear], [ProgramFlatCost], [ProgramLicenseKey], [IsLicense], [EmployeeID], [Description], [ProgramPurchaseLink], [HasPlugIn], [IsDeleted], [IsCostPerYear], [DateBought], [RenewalDate], [MonthsPerRenewal], [IsPinned]) VALUES (121, N'Jira Software', 33.0000, 0.0000, N'6345-3457-257', 1, NULL, N'100 users.', N'https://www.atlassian.com/software/jira', 1, 0, 1, CAST(N'2019-03-12' AS Date), CAST(N'2020-03-14' AS Date), 12, 1)
INSERT [Program] ([ProgramID], [ProgramName], [ProgramCostPerYear], [ProgramFlatCost], [ProgramLicenseKey], [IsLicense], [EmployeeID], [Description], [ProgramPurchaseLink], [HasPlugIn], [IsDeleted], [IsCostPerYear], [DateBought], [RenewalDate], [MonthsPerRenewal], [IsPinned]) VALUES (122, N'Jira Software', 33.0000, 0.0000, N'6345-3457-257', 1, NULL, N'100 users.', N'https://www.atlassian.com/software/jira', 1, 0, 1, CAST(N'2019-03-12' AS Date), CAST(N'2020-03-14' AS Date), 12, 1)
INSERT [Program] ([ProgramID], [ProgramName], [ProgramCostPerYear], [ProgramFlatCost], [ProgramLicenseKey], [IsLicense], [EmployeeID], [Description], [ProgramPurchaseLink], [HasPlugIn], [IsDeleted], [IsCostPerYear], [DateBought], [RenewalDate], [MonthsPerRenewal], [IsPinned]) VALUES (123, N'Confluence User', 60.0000, 0.0000, N'67-3345-865', 0, 1, N'Keep all of your work in one space. From Atlassian.', N'https://www.atlassian.com/software/confluence', 0, 0, 0, CAST(N'2019-03-11' AS Date), CAST(N'2019-04-11' AS Date), 1, 1)
INSERT [Program] ([ProgramID], [ProgramName], [ProgramCostPerYear], [ProgramFlatCost], [ProgramLicenseKey], [IsLicense], [EmployeeID], [Description], [ProgramPurchaseLink], [HasPlugIn], [IsDeleted], [IsCostPerYear], [DateBought], [RenewalDate], [MonthsPerRenewal], [IsPinned]) VALUES (124, N'Confluence User', 60.0000, 0.0000, N'67-3345-865', 0, 11, N'Keep all of your work in one space. From Atlassian.', N'https://www.atlassian.com/software/confluence', 0, 0, 0, CAST(N'2019-03-11' AS Date), CAST(N'2019-04-11' AS Date), 1, 1)
INSERT [Program] ([ProgramID], [ProgramName], [ProgramCostPerYear], [ProgramFlatCost], [ProgramLicenseKey], [IsLicense], [EmployeeID], [Description], [ProgramPurchaseLink], [HasPlugIn], [IsDeleted], [IsCostPerYear], [DateBought], [RenewalDate], [MonthsPerRenewal], [IsPinned]) VALUES (125, N'Confluence User', 60.0000, 0.0000, N'67-3345-865', 0, 13, N'Keep all of your work in one space. From Atlassian.', N'https://www.atlassian.com/software/confluence', 0, 0, 0, CAST(N'2019-03-11' AS Date), CAST(N'2019-04-11' AS Date), 1, 1)
INSERT [Program] ([ProgramID], [ProgramName], [ProgramCostPerYear], [ProgramFlatCost], [ProgramLicenseKey], [IsLicense], [EmployeeID], [Description], [ProgramPurchaseLink], [HasPlugIn], [IsDeleted], [IsCostPerYear], [DateBought], [RenewalDate], [MonthsPerRenewal], [IsPinned]) VALUES (126, N'Confluence User', 60.0000, 0.0000, N'67-3345-865', 0, 15, N'Keep all of your work in one space. From Atlassian.', N'https://www.atlassian.com/software/confluence', 0, 0, 0, CAST(N'2019-03-11' AS Date), CAST(N'2019-04-11' AS Date), 1, 1)
INSERT [Program] ([ProgramID], [ProgramName], [ProgramCostPerYear], [ProgramFlatCost], [ProgramLicenseKey], [IsLicense], [EmployeeID], [Description], [ProgramPurchaseLink], [HasPlugIn], [IsDeleted], [IsCostPerYear], [DateBought], [RenewalDate], [MonthsPerRenewal], [IsPinned]) VALUES (127, N'Confluence User', 60.0000, 0.0000, N'67-3345-865', 0, 17, N'Keep all of your work in one space. From Atlassian.', N'https://www.atlassian.com/software/confluence', 0, 0, 0, CAST(N'2019-03-11' AS Date), CAST(N'2019-04-11' AS Date), 1, 1)
INSERT [Program] ([ProgramID], [ProgramName], [ProgramCostPerYear], [ProgramFlatCost], [ProgramLicenseKey], [IsLicense], [EmployeeID], [Description], [ProgramPurchaseLink], [HasPlugIn], [IsDeleted], [IsCostPerYear], [DateBought], [RenewalDate], [MonthsPerRenewal], [IsPinned]) VALUES (128, N'Confluence User', 60.0000, 0.0000, N'67-3345-865', 0, 18, N'Keep all of your work in one space. From Atlassian.', N'https://www.atlassian.com/software/confluence', 0, 0, 0, CAST(N'2019-03-11' AS Date), CAST(N'2019-04-11' AS Date), 1, 1)
INSERT [Program] ([ProgramID], [ProgramName], [ProgramCostPerYear], [ProgramFlatCost], [ProgramLicenseKey], [IsLicense], [EmployeeID], [Description], [ProgramPurchaseLink], [HasPlugIn], [IsDeleted], [IsCostPerYear], [DateBought], [RenewalDate], [MonthsPerRenewal], [IsPinned]) VALUES (129, N'Confluence User', 60.0000, 0.0000, N'67-3345-865', 0, 19, N'Keep all of your work in one space. From Atlassian.', N'https://www.atlassian.com/software/confluence', 0, 0, 0, CAST(N'2019-03-11' AS Date), CAST(N'2019-04-11' AS Date), 1, 1)
INSERT [Program] ([ProgramID], [ProgramName], [ProgramCostPerYear], [ProgramFlatCost], [ProgramLicenseKey], [IsLicense], [EmployeeID], [Description], [ProgramPurchaseLink], [HasPlugIn], [IsDeleted], [IsCostPerYear], [DateBought], [RenewalDate], [MonthsPerRenewal], [IsPinned]) VALUES (130, N'Confluence User', 60.0000, 0.0000, N'67-3345-865', 0, 20, N'Keep all of your work in one space. From Atlassian.', N'https://www.atlassian.com/software/confluence', 0, 0, 0, CAST(N'2019-03-11' AS Date), CAST(N'2019-04-11' AS Date), 1, 1)
INSERT [Program] ([ProgramID], [ProgramName], [ProgramCostPerYear], [ProgramFlatCost], [ProgramLicenseKey], [IsLicense], [EmployeeID], [Description], [ProgramPurchaseLink], [HasPlugIn], [IsDeleted], [IsCostPerYear], [DateBought], [RenewalDate], [MonthsPerRenewal], [IsPinned]) VALUES (131, N'Confluence User', 60.0000, 0.0000, N'67-3345-865', 0, 21, N'Keep all of your work in one space. From Atlassian.', N'https://www.atlassian.com/software/confluence', 0, 0, 0, CAST(N'2019-03-11' AS Date), CAST(N'2019-04-11' AS Date), 1, 1)
INSERT [Program] ([ProgramID], [ProgramName], [ProgramCostPerYear], [ProgramFlatCost], [ProgramLicenseKey], [IsLicense], [EmployeeID], [Description], [ProgramPurchaseLink], [HasPlugIn], [IsDeleted], [IsCostPerYear], [DateBought], [RenewalDate], [MonthsPerRenewal], [IsPinned]) VALUES (132, N'Confluence User', 60.0000, 0.0000, N'67-3345-865', 0, 22, N'Keep all of your work in one space. From Atlassian.', N'https://www.atlassian.com/software/confluence', 0, 0, 0, CAST(N'2019-03-11' AS Date), CAST(N'2019-04-11' AS Date), 1, 1)
INSERT [Program] ([ProgramID], [ProgramName], [ProgramCostPerYear], [ProgramFlatCost], [ProgramLicenseKey], [IsLicense], [EmployeeID], [Description], [ProgramPurchaseLink], [HasPlugIn], [IsDeleted], [IsCostPerYear], [DateBought], [RenewalDate], [MonthsPerRenewal], [IsPinned]) VALUES (138, N'Visual Studio 2016', 0.0000, 300.0000, NULL, 1, NULL, N'An old version of this IDE.', N'https://visualstudio.microsoft.com/', 0, 1, 0, CAST(N'2015-03-11' AS Date), NULL, NULL, 0)
INSERT [Program] ([ProgramID], [ProgramName], [ProgramCostPerYear], [ProgramFlatCost], [ProgramLicenseKey], [IsLicense], [EmployeeID], [Description], [ProgramPurchaseLink], [HasPlugIn], [IsDeleted], [IsCostPerYear], [DateBought], [RenewalDate], [MonthsPerRenewal], [IsPinned]) VALUES (139, N'Visual Studio 2016', 0.0000, 300.0000, NULL, 1, NULL, N'An old version of this IDE.', N'https://visualstudio.microsoft.com/', 0, 1, 0, CAST(N'2015-03-11' AS Date), NULL, NULL, 0)
INSERT [Program] ([ProgramID], [ProgramName], [ProgramCostPerYear], [ProgramFlatCost], [ProgramLicenseKey], [IsLicense], [EmployeeID], [Description], [ProgramPurchaseLink], [HasPlugIn], [IsDeleted], [IsCostPerYear], [DateBought], [RenewalDate], [MonthsPerRenewal], [IsPinned]) VALUES (140, N'Visual Studio 2016', 0.0000, 300.0000, NULL, 1, NULL, N'An old version of this IDE.', N'https://visualstudio.microsoft.com/', 0, 1, 0, CAST(N'2015-03-11' AS Date), NULL, NULL, 0)
INSERT [Program] ([ProgramID], [ProgramName], [ProgramCostPerYear], [ProgramFlatCost], [ProgramLicenseKey], [IsLicense], [EmployeeID], [Description], [ProgramPurchaseLink], [HasPlugIn], [IsDeleted], [IsCostPerYear], [DateBought], [RenewalDate], [MonthsPerRenewal], [IsPinned]) VALUES (141, N'Visual Studio 2016', 0.0000, 300.0000, NULL, 1, NULL, N'An old version of this IDE.', N'https://visualstudio.microsoft.com/', 0, 1, 0, CAST(N'2015-03-11' AS Date), NULL, NULL, 0)
INSERT [Program] ([ProgramID], [ProgramName], [ProgramCostPerYear], [ProgramFlatCost], [ProgramLicenseKey], [IsLicense], [EmployeeID], [Description], [ProgramPurchaseLink], [HasPlugIn], [IsDeleted], [IsCostPerYear], [DateBought], [RenewalDate], [MonthsPerRenewal], [IsPinned]) VALUES (142, N'Visual Studio 2016', 0.0000, 300.0000, NULL, 1, 3, N'An old version of this IDE.', N'https://visualstudio.microsoft.com/', 0, 1, 0, CAST(N'2015-03-11' AS Date), NULL, NULL, 0)
INSERT [Program] ([ProgramID], [ProgramName], [ProgramCostPerYear], [ProgramFlatCost], [ProgramLicenseKey], [IsLicense], [EmployeeID], [Description], [ProgramPurchaseLink], [HasPlugIn], [IsDeleted], [IsCostPerYear], [DateBought], [RenewalDate], [MonthsPerRenewal], [IsPinned]) VALUES (143, N'Visual Studio 2019', 0.0000, 300.0000, NULL, 1, NULL, N'A new version of this IDE', N'https://visualstudio.microsoft.com/', 0, 0, 0, CAST(N'2018-03-11' AS Date), NULL, NULL, 0)
INSERT [Program] ([ProgramID], [ProgramName], [ProgramCostPerYear], [ProgramFlatCost], [ProgramLicenseKey], [IsLicense], [EmployeeID], [Description], [ProgramPurchaseLink], [HasPlugIn], [IsDeleted], [IsCostPerYear], [DateBought], [RenewalDate], [MonthsPerRenewal], [IsPinned]) VALUES (144, N'Visual Studio 2019', 0.0000, 300.0000, NULL, 1, NULL, N'A new version of this IDE', N'https://visualstudio.microsoft.com/', 0, 0, 0, CAST(N'2018-03-11' AS Date), NULL, NULL, 0)
INSERT [Program] ([ProgramID], [ProgramName], [ProgramCostPerYear], [ProgramFlatCost], [ProgramLicenseKey], [IsLicense], [EmployeeID], [Description], [ProgramPurchaseLink], [HasPlugIn], [IsDeleted], [IsCostPerYear], [DateBought], [RenewalDate], [MonthsPerRenewal], [IsPinned]) VALUES (145, N'Visual Studio 2019', 0.0000, 300.0000, NULL, 1, NULL, N'A new version of this IDE', N'https://visualstudio.microsoft.com/', 0, 0, 0, CAST(N'2018-03-11' AS Date), NULL, NULL, 0)
INSERT [Program] ([ProgramID], [ProgramName], [ProgramCostPerYear], [ProgramFlatCost], [ProgramLicenseKey], [IsLicense], [EmployeeID], [Description], [ProgramPurchaseLink], [HasPlugIn], [IsDeleted], [IsCostPerYear], [DateBought], [RenewalDate], [MonthsPerRenewal], [IsPinned]) VALUES (146, N'Visual Studio 2019', 0.0000, 300.0000, NULL, 1, NULL, N'A new version of this IDE', N'https://visualstudio.microsoft.com/', 0, 0, 0, CAST(N'2018-03-11' AS Date), NULL, NULL, 0)
INSERT [Program] ([ProgramID], [ProgramName], [ProgramCostPerYear], [ProgramFlatCost], [ProgramLicenseKey], [IsLicense], [EmployeeID], [Description], [ProgramPurchaseLink], [HasPlugIn], [IsDeleted], [IsCostPerYear], [DateBought], [RenewalDate], [MonthsPerRenewal], [IsPinned]) VALUES (147, N'Visual Studio 2019', 0.0000, 300.0000, NULL, 1, NULL, N'A new version of this IDE', N'https://visualstudio.microsoft.com/', 0, 0, 0, CAST(N'2018-03-11' AS Date), NULL, NULL, 0)
INSERT [Program] ([ProgramID], [ProgramName], [ProgramCostPerYear], [ProgramFlatCost], [ProgramLicenseKey], [IsLicense], [EmployeeID], [Description], [ProgramPurchaseLink], [HasPlugIn], [IsDeleted], [IsCostPerYear], [DateBought], [RenewalDate], [MonthsPerRenewal], [IsPinned]) VALUES (148, N'Old software', 450.0000, 0.0000, NULL, 1, 23, N'This software is no longer used', N'website.com', 1, 1, 0, CAST(N'2013-03-11' AS Date), CAST(N'2019-04-11' AS Date), 1, 0)
INSERT [Program] ([ProgramID], [ProgramName], [ProgramCostPerYear], [ProgramFlatCost], [ProgramLicenseKey], [IsLicense], [EmployeeID], [Description], [ProgramPurchaseLink], [HasPlugIn], [IsDeleted], [IsCostPerYear], [DateBought], [RenewalDate], [MonthsPerRenewal], [IsPinned]) VALUES (149, N'Old software', 450.0000, 0.0000, NULL, 1, 24, N'This software is no longer used', N'website.com', 1, 1, 0, CAST(N'2013-03-11' AS Date), CAST(N'2019-04-11' AS Date), 1, 0)
INSERT [Program] ([ProgramID], [ProgramName], [ProgramCostPerYear], [ProgramFlatCost], [ProgramLicenseKey], [IsLicense], [EmployeeID], [Description], [ProgramPurchaseLink], [HasPlugIn], [IsDeleted], [IsCostPerYear], [DateBought], [RenewalDate], [MonthsPerRenewal], [IsPinned]) VALUES (150, N'Old software', 450.0000, 0.0000, NULL, 1, 25, N'This software is no longer used', N'website.com', 1, 1, 0, CAST(N'2013-03-11' AS Date), CAST(N'2019-04-11' AS Date), 1, 0)
INSERT [Program] ([ProgramID], [ProgramName], [ProgramCostPerYear], [ProgramFlatCost], [ProgramLicenseKey], [IsLicense], [EmployeeID], [Description], [ProgramPurchaseLink], [HasPlugIn], [IsDeleted], [IsCostPerYear], [DateBought], [RenewalDate], [MonthsPerRenewal], [IsPinned]) VALUES (151, N'Old software', 450.0000, 0.0000, NULL, 1, 26, N'This software is no longer used', N'website.com', 1, 1, 0, CAST(N'2013-03-11' AS Date), CAST(N'2019-04-11' AS Date), 1, 0)
INSERT [Program] ([ProgramID], [ProgramName], [ProgramCostPerYear], [ProgramFlatCost], [ProgramLicenseKey], [IsLicense], [EmployeeID], [Description], [ProgramPurchaseLink], [HasPlugIn], [IsDeleted], [IsCostPerYear], [DateBought], [RenewalDate], [MonthsPerRenewal], [IsPinned]) VALUES (152, N'Old software', 450.0000, 0.0000, NULL, 1, NULL, N'This software is no longer used', N'website.com', 1, 1, 0, CAST(N'2013-03-11' AS Date), CAST(N'2019-04-11' AS Date), 1, 0)
SET IDENTITY_INSERT [Program] OFF
SET IDENTITY_INSERT [ProgramHistory] ON 

INSERT [ProgramHistory] ([ProgramHistoryID], [EmployeeId], [ProgramID], [EventType], [EventDate]) VALUES (1, 18, 38, NULL, CAST(N'1904-12-06T00:00:00.000' AS DateTime))
INSERT [ProgramHistory] ([ProgramHistoryID], [EmployeeId], [ProgramID], [EventType], [EventDate]) VALUES (2, 29, 39, NULL, CAST(N'1904-06-06T00:00:00.000' AS DateTime))
INSERT [ProgramHistory] ([ProgramHistoryID], [EmployeeId], [ProgramID], [EventType], [EventDate]) VALUES (3, 31, 66, NULL, CAST(N'1904-12-10T00:00:00.000' AS DateTime))
INSERT [ProgramHistory] ([ProgramHistoryID], [EmployeeId], [ProgramID], [EventType], [EventDate]) VALUES (5, 32, 67, NULL, CAST(N'1904-12-06T01:00:00.000' AS DateTime))
INSERT [ProgramHistory] ([ProgramHistoryID], [EmployeeId], [ProgramID], [EventType], [EventDate]) VALUES (6, 33, 68, NULL, CAST(N'1904-12-06T02:00:00.000' AS DateTime))
INSERT [ProgramHistory] ([ProgramHistoryID], [EmployeeId], [ProgramID], [EventType], [EventDate]) VALUES (8, 11, 92, NULL, CAST(N'1904-12-06T03:00:00.000' AS DateTime))
INSERT [ProgramHistory] ([ProgramHistoryID], [EmployeeId], [ProgramID], [EventType], [EventDate]) VALUES (9, 33, 68, NULL, CAST(N'2019-06-06T00:00:00.000' AS DateTime))
SET IDENTITY_INSERT [ProgramHistory] OFF
SET IDENTITY_INSERT [Server] ON 

INSERT [Server] ([ServerID], [FQDN], [NumberOfCores], [OperatingSystem], [RAM], [Virtualize], [RenewalDate], [EmployeeID], [PurchaseDate], [FlatCost], [EndOfLife], [IsAssigned], [TextField], [CostPerYear], [IsDeleted], [MFG], [Make], [Model], [IPAddress], [SAN], [LocalHHD], [Location], [SerialNumber], [MonthsPerRenewal]) VALUES (1, N'Idk', 12, N'Windows', 64, 0, CAST(N'2019-02-02' AS Date), 10, CAST(N'2017-02-20' AS Date), NULL, CAST(N'2022-02-02' AS Date), 1, NULL, 650.0000, 0, N'This is a tag', N'Dell', N'Server', N'123.265346.243', N'This is a SAN', N'RAID 5', N'GR', N'84568654-3455-2765463', 12)
INSERT [Server] ([ServerID], [FQDN], [NumberOfCores], [OperatingSystem], [RAM], [Virtualize], [RenewalDate], [EmployeeID], [PurchaseDate], [FlatCost], [EndOfLife], [IsAssigned], [TextField], [CostPerYear], [IsDeleted], [MFG], [Make], [Model], [IPAddress], [SAN], [LocalHHD], [Location], [SerialNumber], [MonthsPerRenewal]) VALUES (2, N'IDK', 24, N'Windows', 62, 0, CAST(N'2019-05-10' AS Date), 10, CAST(N'2017-02-20' AS Date), NULL, CAST(N'2022-02-02' AS Date), 1, NULL, 650.0000, 0, N'This is a tag', N'Amazon', N'Server', N'533.34587.1234', N'This is a SAN', N'RAID 1', N'AA', N'84568654-3455-2765463', 12)
INSERT [Server] ([ServerID], [FQDN], [NumberOfCores], [OperatingSystem], [RAM], [Virtualize], [RenewalDate], [EmployeeID], [PurchaseDate], [FlatCost], [EndOfLife], [IsAssigned], [TextField], [CostPerYear], [IsDeleted], [MFG], [Make], [Model], [IPAddress], [SAN], [LocalHHD], [Location], [SerialNumber], [MonthsPerRenewal]) VALUES (5, N'Still dont know', 24, N'Windows', 64, 0, CAST(N'2022-05-05' AS Date), 10, CAST(N'2017-02-20' AS Date), NULL, CAST(N'2024-02-02' AS Date), 1, NULL, 650.0000, 0, N'This is a tag', N'Dell', N'Server', N'533.34587.1234', N'This is a SAN', N'RAID 2', N'GR', N'84568654-3455-2765463', 12)
SET IDENTITY_INSERT [Server] OFF
SET IDENTITY_INSERT [Plugins] ON 

INSERT [Plugins] ([PluginName], [PluginID], [PluginFlatCost], [ProgramID], [TextField], [PluginCostPerYear], [IsDeleted], [ProgramName], [RenewalDate], [MonthsPerRenewal], [IsCostPerYear]) VALUES (N'Bitbucket Server Webhook to Jenkins', 14, 0.0000, 103, N'Plugin for Bitbucket', 350.0000, 0, N'Bitbucket User', CAST(N'2020-04-04' AS Date), 12, 1)
INSERT [Plugins] ([PluginName], [PluginID], [PluginFlatCost], [ProgramID], [TextField], [PluginCostPerYear], [IsDeleted], [ProgramName], [RenewalDate], [MonthsPerRenewal], [IsCostPerYear]) VALUES (N'Timetracker', 24, 0.0000, 113, N'Plugin for Jira', 225.0000, 0, N'Jira Software', CAST(N'2021-06-03' AS Date), 1, 0)
INSERT [Plugins] ([PluginName], [PluginID], [PluginFlatCost], [ProgramID], [TextField], [PluginCostPerYear], [IsDeleted], [ProgramName], [RenewalDate], [MonthsPerRenewal], [IsCostPerYear]) VALUES (N'JIRA Service Desk (Server)', 34, 0.0000, 113, N'Plugin for Jira', 10.0000, 0, N'Jira Software', CAST(N'2020-12-12' AS Date), 12, 1)
INSERT [Plugins] ([PluginName], [PluginID], [PluginFlatCost], [ProgramID], [TextField], [PluginCostPerYear], [IsDeleted], [ProgramName], [RenewalDate], [MonthsPerRenewal], [IsCostPerYear]) VALUES (N'Adaptavist ScriptRunner', 44, 0.0000, 113, N'Plugin for Jira', 250.0000, 0, N'Jira Software', CAST(N'2020-02-02' AS Date), 1, 0)
INSERT [Plugins] ([PluginName], [PluginID], [PluginFlatCost], [ProgramID], [TextField], [PluginCostPerYear], [IsDeleted], [ProgramName], [RenewalDate], [MonthsPerRenewal], [IsCostPerYear]) VALUES (N'JIRA Suite Utilities', 54, 0.0000, 113, N'Plugin for Jira', 250.0000, 0, N'Jira Software', CAST(N'2020-02-02' AS Date), 12, 1)
INSERT [Plugins] ([PluginName], [PluginID], [PluginFlatCost], [ProgramID], [TextField], [PluginCostPerYear], [IsDeleted], [ProgramName], [RenewalDate], [MonthsPerRenewal], [IsCostPerYear]) VALUES (N'Old Plugin', 65, 0.0000, 122, N'old plugin for Jira', 11.1100, 0, N'Jira Software', CAST(N'2020-02-03' AS Date), 12, 1)
SET IDENTITY_INSERT [Plugins] OFF

